stop_date,next_date,code,name,market,stop_type,prev_close,next_open,gap_yen,gap_pct,next_high,next_low,next_close,range_yen,range_pct,volume,yorazu,reason
2026-09-02,2026-09-03,2612,かどや製油,東Ｓ,stop_high,2193.0,2393.0,200.0,9.12,2527.0,2328.0,2441.0,248.0,11.31,302300,False,
2026-09-02,2026-09-03,336A,ダイナマップ,東Ｇ,stop_high,1479.0,1549.0,70.0,4.73,1779.0,1520.0,1779.0,300.0,20.28,13015200,False,
2026-09-02,2026-09-03,338A,ゼンムテック,東Ｇ,stop_high,2343.0,2393.0,50.0,2.13,2742.0,2280.0,2517.0,174.0,7.43,1573300,False,
2026-09-02,2026-09-03,3653,モルフォ,東Ｇ,stop_high,1015.0,1315.0,300.0,29.56,1315.0,1255.0,1315.0,300.0,29.56,456300,False,
2026-09-02,2026-09-03,4667,アイサンテク,東Ｓ,stop_high,3145.0,3845.0,700.0,22.26,3845.0,3245.0,3670.0,525.0,16.69,2733800,False,
2026-09-02,2026-09-03,520A,Ｊファーマ,東Ｇ,stop_high,391.0,353.0,-38.0,-9.72,353.0,330.0,349.0,-42.0,-10.74,818000,False,
2026-09-02,2026-09-03,593A,ティアフォー,東Ｇ,stop_high,3040.0,3110.0,70.0,2.3,3725.0,3000.0,3570.0,530.0,17.43,65990000,False,
2026-09-02,2026-09-03,7946,光陽社,名Ｍ,stop_low,383.0,366.0,-17.0,-4.44,366.0,337.0,343.0,-40.0,-10.44,63000,False,
2026-09-02,2026-09-03,8746,ｕｎｂａｎｋ,東Ｓ,stop_high,127.0,162.0,35.0,27.56,172.0,136.0,159.0,32.0,25.2,6883300,False,
2026-09-01,2026-09-02,4052,フィーチャ,東Ｇ,stop_high,641.0,621.0,-20.0,-3.12,740.0,590.0,715.0,74.0,11.54,6456000,False,
2026-09-01,2026-09-02,4075,ブレインズ,東Ｇ,stop_high,1387.0,1850.0,463.0,33.38,2035.0,1480.0,1480.0,93.0,6.71,2081400,False,
2026-09-01,2026-09-02,4588,オンコリス,東Ｇ,stop_low,4155.0,4085.0,-70.0,-1.68,4230.0,3980.0,4090.0,-65.0,-1.56,1002000,False,
2026-09-01,2026-09-02,4598,デルタフライ,東Ｇ,stop_high,154.0,139.0,-15.0,-9.74,141.0,121.0,122.0,-32.0,-20.78,6494100,False,
2026-09-01,2026-09-02,5129,ＦＩＸＥＲ,東Ｇ,stop_low,344.0,304.0,-40.0,-11.63,323.0,299.0,307.0,-37.0,-10.76,707300,False,
2026-09-01,2026-09-02,6522,アスタリスク,東Ｇ,stop_low,1656.0,1408.0,-248.0,-14.98,1567.0,1360.0,1365.0,-291.0,-17.57,5532400,False,
2026-09-01,2026-09-02,6897,ツインバード,東Ｓ,stop_low,670.0,680.0,10.0,1.49,763.0,680.0,702.0,32.0,4.78,1105500,False,
2026-09-01,2026-09-02,7694,いつも,東Ｇ,stop_high,727.0,637.0,-90.0,-12.38,653.0,579.0,592.0,-135.0,-18.57,339500,False,
2026-08-28,2026-08-31,3692,ＦＦＲＩ,東Ｇ,stop_high,5610.0,5610.0,0.0,0.0,5700.0,5490.0,5630.0,20.0,0.36,114300,False,
2026-08-28,2026-08-31,3856,Ａバランス,東Ｓ,stop_low,239.0,196.0,-43.0,-17.99,256.0,196.0,233.0,-6.0,-2.51,3192300,False,
2026-08-28,2026-08-31,4082,稀元素,東Ｐ,stop_high,3000.0,2830.0,-170.0,-5.67,2890.0,2652.0,2658.0,-342.0,-11.4,2182400,False,
2026-08-28,2026-08-31,4170,カイゼン,東Ｇ,stop_low,151.0,140.0,-11.0,-7.28,143.0,137.0,140.0,-11.0,-7.28,993600,False,
2026-08-28,2026-08-31,4263,サスメド,東Ｇ,stop_low,470.0,462.0,-8.0,-1.7,462.0,433.0,454.0,-16.0,-3.4,361100,False,
2026-08-28,2026-08-31,462A,ファンディノ,東Ｇ,stop_high,377.0,357.0,-20.0,-5.31,361.0,333.0,333.0,-44.0,-11.67,889900,False,
2026-08-28,2026-08-31,4840,トライアイズ,東Ｓ,stop_high,645.0,835.0,190.0,29.46,970.0,805.0,848.0,203.0,31.47,2006400,False,
2026-08-28,2026-08-31,5029,サークレイス,東Ｇ,stop_high,940.0,900.0,-40.0,-4.26,915.0,872.0,903.0,-37.0,-3.94,40700,False,
2026-08-28,2026-08-31,5242,アイズ,東Ｇ,stop_high,2704.0,2469.0,-235.0,-8.69,2469.0,2300.0,2310.0,-394.0,-14.57,10300,False,
2026-08-28,2026-08-31,593A,ティアフォー,東Ｇ,stop_high,1599.0,2339.0,740.0,46.28,2399.0,2300.0,2399.0,800.0,50.03,1948100,False,
2026-08-28,2026-08-31,6522,アスタリスク,東Ｇ,stop_high,2567.0,2239.0,-328.0,-12.78,2285.0,2135.0,2156.0,-411.0,-16.01,1487500,False,
2026-08-28,2026-08-31,7078,ＩＮＣＨＤ,東Ｇ,stop_high,368.0,363.0,-5.0,-1.36,363.0,355.0,361.0,-7.0,-1.9,12700,False,
2026-08-28,2026-08-31,7743,シード,東Ｓ,stop_high,635.0,792.0,157.0,24.72,793.0,791.0,793.0,158.0,24.88,4075400,False,
2026-08-26,2026-08-27,278A,テラドローン,東Ｇ,stop_high,17050.0,17700.0,650.0,3.81,19860.0,17160.0,19230.0,2180.0,12.79,6329700,False,
2026-08-26,2026-08-27,3856,Ａバランス,東Ｓ,stop_low,319.0,239.0,-80.0,-25.08,239.0,239.0,239.0,-80.0,-25.08,83100,False,
2026-08-26,2026-08-27,3907,シリコンスタ,東Ｓ,stop_high,2050.0,2160.0,110.0,5.37,2365.0,2050.0,2135.0,85.0,4.15,1426400,False,
2026-08-26,2026-08-27,4082,稀元素,東Ｐ,stop_high,2591.0,2906.0,315.0,12.16,3095.0,2600.0,3000.0,409.0,15.79,11386300,False,
2026-08-26,2026-08-27,4170,カイゼン,東Ｇ,stop_high,231.0,194.0,-37.0,-16.02,202.0,151.0,151.0,-80.0,-34.63,10729100,False,
2026-08-26,2026-08-27,4316,ビーマップ,東Ｇ,stop_high,107.0,97.0,-10.0,-9.35,99.0,83.0,85.0,-22.0,-20.56,1039100,False,
2026-08-26,2026-08-27,4422,ＶＮＸ,東Ｇ,stop_high,600.0,592.0,-8.0,-1.33,603.0,565.0,597.0,-3.0,-0.5,284700,False,
2026-08-26,2026-08-27,6027,弁護士ＣＯＭ,東Ｐ,stop_high,5050.0,5250.0,200.0,3.96,5380.0,4830.0,5140.0,90.0,1.78,631200,False,
2026-08-26,2026-08-27,6085,アーキテクツ,東Ｇ,stop_high,235.0,275.0,40.0,17.02,283.0,188.0,201.0,-34.0,-14.47,36140700,False,
2026-08-26,2026-08-27,7709,クボテック,東Ｓ,stop_high,60.0,61.0,1.0,1.67,61.0,45.0,48.0,-12.0,-20.0,1764300,False,
2026-08-26,2026-08-27,7810,クロスフォー,東Ｓ,stop_high,183.0,192.0,9.0,4.92,219.0,172.0,174.0,-9.0,-4.92,9804000,False,
2026-08-25,2026-08-26,4170,カイゼン,東Ｇ,stop_high,222.0,302.0,80.0,36.04,302.0,226.0,231.0,9.0,4.05,17667800,False,
2026-08-25,2026-08-26,462A,ファンディノ,東Ｇ,stop_high,339.0,323.0,-16.0,-4.72,330.0,290.0,297.0,-42.0,-12.39,2288500,False,
2026-08-25,2026-08-26,475A,ギミック,東Ｓ,stop_high,697.0,667.0,-30.0,-4.3,696.0,646.0,659.0,-38.0,-5.45,52700,False,
2026-08-24,2026-08-25,4170,カイゼン,東Ｇ,stop_high,172.0,222.0,50.0,29.07,222.0,222.0,222.0,50.0,29.07,141200.0,False,
2026-08-24,2026-08-25,4199,ワンプラ,東Ｇ,stop_high,958.0,959.0,1.0,0.1,993.0,864.0,864.0,-94.0,-9.81,234400.0,False,
2026-08-24,2026-08-25,462A,ファンディノ,東Ｇ,stop_high,281.0,361.0,80.0,28.47,361.0,311.0,339.0,58.0,20.64,11480000.0,False,
2026-08-24,2026-08-25,5103,昭和ＨＤ,東Ｓ,stop_low,1.0,,,,,,,,,,True,
2026-08-24,2026-08-25,6085,アーキテクツ,東Ｇ,stop_high,137.0,155.0,18.0,13.14,186.0,151.0,185.0,48.0,35.04,34724700.0,False,
2026-08-21,2026-08-24,296A,令和ＡＨ,東Ｇ,stop_high,1087.0,1086.0,-1.0,-0.09,1140.0,1020.0,1122.0,35.0,3.22,592300,False,
2026-08-21,2026-08-24,3189,ＡＮＡＰＨＤ,東Ｓ,stop_high,163.0,170.0,7.0,4.29,190.0,146.0,159.0,-4.0,-2.45,7529400,False,
2026-08-21,2026-08-24,456A,ヒュマメイド,東Ｇ,stop_high,1662.0,1660.0,-2.0,-0.12,1699.0,1637.0,1657.0,-5.0,-0.3,1087400,False,
2026-08-21,2026-08-24,5103,昭和ＨＤ,東Ｓ,stop_low,1.0,1.0,0.0,0.0,2.0,1.0,1.0,0.0,0.0,14331500,False,
2026-08-21,2026-08-24,7138,ＴＯＲＩＣＯ,東Ｇ,stop_high,193.0,203.0,10.0,5.18,214.0,177.0,199.0,6.0,3.11,10299000,False,
2026-08-21,2026-08-24,7719,東京衡機,東Ｓ,stop_high,467.0,491.0,24.0,5.14,524.0,483.0,504.0,37.0,7.92,1765400,False,
2026-08-21,2026-08-24,9115,明海グループ,東Ｓ,stop_high,1129.0,1130.0,1.0,0.09,1355.0,1051.0,1327.0,198.0,17.54,426100,False,
2026-08-20,2026-08-21,1684,ＷＴ商品総合,東Ｅ,stop_high,2639.0,2639.0,0.0,0.0,2639.0,2604.5,2639.0,0.0,0.0,220,False,
2026-08-20,2026-08-21,264A,Ｓｃｈｏｏ,東Ｇ,stop_high,349.0,336.0,-13.0,-3.72,343.0,322.0,333.0,-16.0,-4.58,286400,False,
2026-08-20,2026-08-21,3856,Ａバランス,東Ｓ,stop_high,454.0,438.0,-16.0,-3.52,447.0,413.0,429.0,-25.0,-5.51,485100,False,
2026-08-20,2026-08-21,5240,ｍｏｎｏＡＩ,東Ｇ,stop_high,244.0,260.0,16.0,6.56,283.0,218.0,218.0,-26.0,-10.66,5244700,False,
2026-08-20,2026-08-21,593A,ティアフォー,東Ｇ,stop_high,1033.0,1003.0,-30.0,-2.9,1110.0,985.0,1057.0,24.0,2.32,15193900,False,
2026-08-20,2026-08-21,8995,誠建設,東Ｓ,stop_high,1701.0,1664.0,-37.0,-2.18,1678.0,1499.0,1543.0,-158.0,-9.29,251400,False,
2026-08-20,2026-08-21,9552,クオンツ総研,東Ｐ,stop_high,1105.0,1088.0,-17.0,-1.54,1133.0,1077.0,1101.0,-4.0,-0.36,805100,False,
2026-08-19,2026-08-20,335A,ミライロ,東Ｇ,stop_high,408.0,400.0,-8.0,-1.96,400.0,361.0,368.0,-40.0,-9.8,403500,False,
2026-08-19,2026-08-20,3856,Ａバランス,東Ｓ,stop_high,460.0,461.0,1.0,0.22,540.0,431.0,454.0,-6.0,-1.3,2124200,False,
2026-08-19,2026-08-20,3976,シャノン,東Ｇ,stop_high,714.0,729.0,15.0,2.1,746.0,682.0,728.0,14.0,1.96,270700,False,
2026-08-19,2026-08-20,6027,弁護士ＣＯＭ,東Ｐ,stop_high,4420.0,4400.0,-20.0,-0.45,4535.0,4155.0,4320.0,-100.0,-2.26,605900,False,
2026-08-19,2026-08-20,6822,大井電気,東Ｓ,stop_high,5240.0,5240.0,0.0,0.0,5240.0,5020.0,5050.0,-190.0,-3.63,19600,False,
2026-08-19,2026-08-20,8995,誠建設,東Ｓ,stop_low,1915.0,2235.0,320.0,16.71,2315.0,1667.0,1701.0,-214.0,-11.17,990900,False,
2026-08-18,2026-08-19,150A,ＪＳＨ,東Ｇ,stop_high,764.0,750.0,-14.0,-1.83,798.0,703.0,724.0,-40.0,-5.24,1354100,False,
2026-08-18,2026-08-19,2962,テクニスコ,東Ｓ,stop_high,1659.0,1900.0,241.0,14.53,1985.0,1740.0,1740.0,81.0,4.88,2524000,False,
2026-08-18,2026-08-19,3054,ハイパー,東Ｓ,stop_high,321.0,350.0,29.0,9.03,361.0,333.0,360.0,39.0,12.15,1221000,False,
2026-08-18,2026-08-19,4416,トゥルーＤ,東Ｇ,stop_high,434.0,410.0,-24.0,-5.53,420.0,400.0,401.0,-33.0,-7.6,90600,False,
2026-08-18,2026-08-19,4424,Ａｍａｚｉａ,東Ｇ,stop_high,369.0,372.0,3.0,0.81,430.0,354.0,360.0,-9.0,-2.44,2199000,False,
2026-08-18,2026-08-19,6635,大日光,東Ｓ,stop_high,641.0,642.0,1.0,0.16,653.0,630.0,652.0,11.0,1.72,97600,False,
2026-08-18,2026-08-19,7035,アンファク,東Ｓ,stop_high,292.0,284.0,-8.0,-2.74,307.0,272.0,289.0,-3.0,-1.03,645600,False,
2026-08-18,2026-08-19,8995,誠建設,東Ｓ,stop_high,2380.0,2180.0,-200.0,-8.4,2562.0,1880.0,1915.0,-465.0,-19.54,524900,False,
2026-08-17,2026-08-18,247A,Ａｉロボ,東Ｇ,stop_high,999.0,1000.0,1.0,0.1,1066.0,942.0,952.0,-47.0,-4.7,4691300,False,
2026-08-17,2026-08-18,3970,イノベーショ,東Ｓ,stop_high,872.0,890.0,18.0,2.06,890.0,840.0,871.0,-1.0,-0.11,25700,False,
2026-08-17,2026-08-18,4418,ＪＤＳＣ,東Ｇ,stop_high,964.0,949.0,-15.0,-1.56,1008.0,949.0,970.0,6.0,0.62,472900,False,
2026-08-17,2026-08-18,5010,日精蝋,東Ｓ,stop_high,326.0,350.0,24.0,7.36,370.0,310.0,333.0,7.0,2.15,4249100,False,
2026-08-17,2026-08-18,5027,エニマインド,東Ｇ,stop_high,723.0,724.0,1.0,0.14,780.0,713.0,771.0,48.0,6.64,1449500,False,
2026-08-17,2026-08-18,5587,インバＰＦ,東Ｇ,stop_low,858.0,843.0,-15.0,-1.75,843.0,808.0,821.0,-37.0,-4.31,63900,False,
2026-08-17,2026-08-18,584A,ＬｉＮＫＸ,東Ｇ,stop_high,3270.0,3545.0,275.0,8.41,3655.0,2919.0,2921.0,-349.0,-10.67,1247300,False,
2026-08-17,2026-08-18,6045,レントラクス,東Ｇ,stop_high,2092.0,2092.0,0.0,0.0,2150.0,2015.0,2035.0,-57.0,-2.72,122300,False,
2026-08-17,2026-08-18,6728,アルバック,東Ｐ,stop_low,7870.0,7985.0,115.0,1.46,8209.0,7757.0,7817.0,-53.0,-0.67,1916600,False,
2026-08-17,2026-08-18,7273,イクヨ,東Ｓ,stop_low,599.0,596.0,-3.0,-0.5,605.0,582.0,583.0,-16.0,-2.67,23600,False,
2026-08-17,2026-08-18,8995,誠建設,東Ｓ,stop_high,1980.0,2380.0,400.0,20.2,2380.0,2380.0,2380.0,400.0,20.2,25600,False,
2026-08-17,2026-08-18,9115,明海グループ,東Ｓ,stop_high,1053.0,1106.0,53.0,5.03,1139.0,1030.0,1087.0,34.0,3.23,164900,False,
2026-08-17,2026-08-18,9344,アクシスＣ,東Ｇ,stop_high,1139.0,1379.0,240.0,21.07,1418.0,1262.0,1369.0,230.0,20.19,210100,False,
2026-08-17,2026-08-18,9563,アトラスＴ,東Ｇ,stop_high,401.0,393.0,-8.0,-2.0,402.0,357.0,363.0,-38.0,-9.48,333000,False,
2026-08-14,2026-08-17,150A,ＪＳＨ,東Ｇ,stop_high,619.0,629.0,10.0,1.62,689.0,610.0,664.0,45.0,7.27,2293400,False,
2026-08-14,2026-08-17,2585,Ｌドリンク,東Ｐ,stop_high,1787.0,1847.0,60.0,3.36,1896.0,1669.0,1676.0,-111.0,-6.21,2130400,False,
2026-08-14,2026-08-17,3633,ＧＭＯペパボ,東Ｓ,stop_high,2200.0,2420.0,220.0,10.0,2470.0,2383.0,2389.0,189.0,8.59,208900,False,
2026-08-14,2026-08-17,3659,ネクソン,東Ｐ,stop_high,3022.0,3349.0,327.0,10.82,3349.0,3034.0,3045.0,23.0,0.76,14498400,False,
2026-08-14,2026-08-17,3660,アイスタイル,東Ｐ,stop_high,517.0,527.0,10.0,1.93,569.0,527.0,560.0,43.0,8.32,7763100,False,
2026-08-14,2026-08-17,3895,ハビックス,東Ｓ,stop_high,569.0,569.0,0.0,0.0,569.0,500.0,503.0,-66.0,-11.6,1084100,False,
2026-08-14,2026-08-17,4180,Ａｐｐｉｅｒ,東Ｐ,stop_high,1132.0,1274.0,142.0,12.54,1353.0,1220.0,1302.0,170.0,15.02,8260600,False,
2026-08-14,2026-08-17,4392,ＦＩＧ,東Ｐ,stop_high,1050.0,1050.0,0.0,0.0,1279.0,994.0,1230.0,180.0,17.14,16665100,False,
2026-08-14,2026-08-17,4478,フリー,東Ｇ,stop_high,3345.0,3480.0,135.0,4.04,3640.0,3350.0,3350.0,5.0,0.15,1366100,False,
2026-08-14,2026-08-17,4480,メドレー,東Ｐ,stop_high,2677.0,3000.0,323.0,12.07,3040.0,2781.0,2810.0,133.0,4.97,1905600,False,
2026-08-14,2026-08-17,4704,トレンド,東Ｐ,stop_low,5851.0,5532.0,-319.0,-5.45,5555.0,5302.0,5352.0,-499.0,-8.53,4151200,False,
2026-08-14,2026-08-17,479A,ＰＲＯＮＩ,東Ｇ,stop_high,1734.0,1735.0,1.0,0.06,1766.0,1660.0,1723.0,-11.0,-0.63,161700,False,
2026-08-14,2026-08-17,5074,テスＨＤ,東Ｐ,stop_low,649.0,630.0,-19.0,-2.93,688.0,630.0,686.0,37.0,5.7,5267200,False,
2026-08-14,2026-08-17,6513,オリジン,東Ｓ,stop_high,1376.0,1390.0,14.0,1.02,1390.0,1324.0,1332.0,-44.0,-3.2,154000,False,
2026-08-14,2026-08-17,6522,アスタリスク,東Ｇ,stop_high,2165.0,2226.0,61.0,2.82,2234.0,2011.0,2081.0,-84.0,-3.88,1771000,False,
2026-08-14,2026-08-17,6904,原田工業,東Ｓ,stop_high,540.0,548.0,8.0,1.48,562.0,542.0,562.0,22.0,4.07,360400,False,
2026-08-14,2026-08-17,7069,サイバーバズ,東Ｇ,stop_low,582.0,583.0,1.0,0.17,583.0,563.0,570.0,-12.0,-2.06,69300,False,
2026-08-14,2026-08-17,7256,河西工,東Ｓ,stop_high,451.0,462.0,11.0,2.44,488.0,452.0,463.0,12.0,2.66,1136300,False,
2026-08-13,2026-08-14,146A,コロンビア,東Ｓ,stop_high,4005.0,4080.0,75.0,1.87,4140.0,3850.0,3870.0,-135.0,-3.37,276100,False,
2026-08-13,2026-08-14,194A,ウルフハンド,東Ｇ,stop_high,1900.0,1995.0,95.0,5.0,2160.0,1840.0,2100.0,200.0,10.53,287400,False,
2026-08-13,2026-08-14,3895,ハビックス,東Ｓ,stop_high,489.0,569.0,80.0,16.36,569.0,549.0,569.0,80.0,16.36,573800,False,
2026-08-13,2026-08-14,4052,フィーチャ,東Ｇ,stop_low,583.0,513.0,-70.0,-12.01,680.0,505.0,629.0,46.0,7.89,2200400,False,
2026-08-13,2026-08-14,4222,児玉化,東Ｓ,stop_high,692.0,696.0,4.0,0.58,738.0,682.0,698.0,6.0,0.87,2056000,False,
2026-08-13,2026-08-14,4255,ＴＨＥＣＯＯ,東Ｇ,stop_high,3200.0,3405.0,205.0,6.41,3720.0,3300.0,3720.0,520.0,16.25,146300,False,
2026-08-13,2026-08-14,4259,エクサＷｉｚ,東Ｇ,stop_low,692.0,692.0,0.0,0.0,723.0,667.0,705.0,13.0,1.88,3827500,False,
2026-08-13,2026-08-14,4588,オンコリス,東Ｇ,stop_high,3370.0,3350.0,-20.0,-0.59,3770.0,3190.0,3250.0,-120.0,-3.56,2869300,False,
2026-08-13,2026-08-14,6027,弁護士ＣＯＭ,東Ｐ,stop_high,3150.0,3500.0,350.0,11.11,3835.0,3370.0,3750.0,600.0,19.05,1095200,False,
2026-08-13,2026-08-14,6335,東京機,東Ｓ,stop_low,596.0,589.0,-7.0,-1.17,597.0,577.0,587.0,-9.0,-1.51,117700,False,
2026-08-13,2026-08-14,6340,渋谷工,東Ｐ,stop_high,5110.0,5020.0,-90.0,-1.76,5650.0,5020.0,5400.0,290.0,5.68,367700,False,
2026-08-13,2026-08-14,6862,ミナトＨＤ,東Ｓ,stop_high,3450.0,3800.0,350.0,10.14,4010.0,3480.0,3800.0,350.0,10.14,3707500,False,
2026-08-13,2026-08-14,7363,ベビカレ,東Ｇ,stop_high,1570.0,1970.0,400.0,25.48,1970.0,1350.0,1367.0,-203.0,-12.93,119200,False,
2026-08-13,2026-08-14,7694,いつも,東Ｇ,stop_high,528.0,529.0,1.0,0.19,607.0,512.0,566.0,38.0,7.2,132300,False,
2026-08-13,2026-08-14,7911,ＴＯＰＰＡＮ,東Ｐ,stop_high,5448.0,5488.0,40.0,0.73,5629.0,5235.0,5281.0,-167.0,-3.07,3401300,False,
2026-08-12,2026-08-13,1960,サンテック,東Ｓ,stop_high,1634.0,1655.0,21.0,1.29,1729.0,1646.0,1720.0,86.0,5.26,85400,False,
2026-08-12,2026-08-13,3131,シンデンハイ,東Ｓ,stop_high,6160.0,6360.0,200.0,3.25,6880.0,6250.0,6480.0,320.0,5.19,360700,False,
2026-08-12,2026-08-13,3173,コミニックス,東Ｓ,stop_high,1559.0,1719.0,160.0,10.26,1730.0,1456.0,1498.0,-61.0,-3.91,166200,False,
2026-08-12,2026-08-13,4052,フィーチャ,東Ｇ,stop_high,733.0,829.0,96.0,13.1,863.0,583.0,583.0,-150.0,-20.46,462200,False,
2026-08-12,2026-08-13,4074,ラキール,東Ｇ,stop_low,796.0,722.0,-74.0,-9.3,810.0,722.0,755.0,-41.0,-5.15,77600,False,
2026-08-12,2026-08-13,4381,ビープラッツ,東Ｇ,stop_high,474.0,450.0,-24.0,-5.06,483.0,400.0,400.0,-74.0,-15.61,927700,False,
2026-08-12,2026-08-13,4971,メック,東Ｐ,stop_low,7690.0,7840.0,150.0,1.95,7990.0,7620.0,7860.0,170.0,2.21,914300,False,
2026-08-12,2026-08-13,5987,オーネックス,東Ｓ,stop_high,2050.0,2187.0,137.0,6.68,2191.0,1889.0,1929.0,-121.0,-5.9,24700,False,
2026-08-12,2026-08-13,6138,ダイジェト,東Ｓ,stop_high,1972.0,2035.0,63.0,3.19,2073.0,1802.0,1933.0,-39.0,-1.98,245100,False,
2026-08-12,2026-08-13,6840,ＡＫＩＢＡ,東Ｓ,stop_low,709.0,720.0,11.0,1.55,721.0,690.0,698.0,-11.0,-1.55,929400,False,
2026-08-12,2026-08-13,6862,ミナトＨＤ,東Ｓ,stop_high,2948.0,3450.0,502.0,17.03,3450.0,3450.0,3450.0,502.0,17.03,22000,False,
2026-08-12,2026-08-13,6907,ジオマテック,東Ｓ,stop_high,756.0,761.0,5.0,0.66,809.0,738.0,805.0,49.0,6.48,98300,False,
2026-08-12,2026-08-13,6969,松尾電,東Ｓ,stop_low,959.0,989.0,30.0,3.13,1099.0,988.0,1055.0,96.0,10.01,504700,False,
2026-08-12,2026-08-13,7957,フジコピアン,東Ｓ,stop_high,2390.0,2790.0,400.0,16.74,2850.0,2461.0,2550.0,160.0,6.69,190300,False,
2026-08-12,2026-08-13,8132,シナネンＨＤ,東Ｐ,stop_high,7180.0,7230.0,50.0,0.7,7970.0,7220.0,7670.0,490.0,6.82,60500,False,
2026-08-12,2026-08-13,8995,誠建設,東Ｓ,stop_high,1371.0,1371.0,0.0,0.0,1619.0,1271.0,1280.0,-91.0,-6.64,466500,False,
2026-08-10,2026-08-12,2146,ＵＴ,東Ｐ,stop_high,221.0,227.0,6.0,2.71,231.0,218.0,228.0,7.0,3.17,16009700,False,
2026-08-10,2026-08-12,3131,シンデンハイ,東Ｓ,stop_high,5160.0,6160.0,1000.0,19.38,6160.0,6160.0,6160.0,1000.0,19.38,7500,False,
2026-08-10,2026-08-12,3156,レスター,東Ｐ,stop_high,5120.0,5220.0,100.0,1.95,5400.0,4955.0,5100.0,-20.0,-0.39,316400,False,
2026-08-10,2026-08-12,3277,サンセイラン,東Ｓ,stop_high,729.0,744.0,15.0,2.06,778.0,740.0,750.0,21.0,2.88,370100,False,
2026-08-10,2026-08-12,3374,内外テック,東Ｓ,stop_high,4210.0,4280.0,70.0,1.66,4485.0,4225.0,4420.0,210.0,4.99,250700,False,
2026-08-10,2026-08-12,3676,デジハＨＤ,東Ｐ,stop_high,1053.0,1059.0,6.0,0.57,1060.0,1056.0,1057.0,4.0,0.38,2871900,False,
2026-08-10,2026-08-12,3917,アイリッジ,東Ｇ,stop_low,430.0,430.0,0.0,0.0,438.0,425.0,437.0,7.0,1.63,50300,False,
2026-08-10,2026-08-12,4052,フィーチャ,東Ｇ,stop_high,633.0,732.0,99.0,15.64,733.0,718.0,733.0,100.0,15.8,227400,False,
2026-08-10,2026-08-12,4125,三和油化工業,東Ｓ,stop_high,3865.0,3870.0,5.0,0.13,4000.0,3765.0,3985.0,120.0,3.1,44300,False,
2026-08-10,2026-08-12,4263,サスメド,東Ｇ,stop_low,558.0,528.0,-30.0,-5.38,549.0,522.0,528.0,-30.0,-5.38,332000,False,
2026-08-10,2026-08-12,4631,ＤＩＣ,東Ｐ,stop_high,5378.0,5478.0,100.0,1.86,5781.0,5382.0,5631.0,253.0,4.7,2824900,False,
2026-08-10,2026-08-12,4889,レナ,東Ｇ,stop_low,1267.0,1237.0,-30.0,-2.37,1273.0,1101.0,1155.0,-112.0,-8.84,1578300,False,
2026-08-10,2026-08-12,4937,ワクー,東Ｇ,stop_high,1968.0,2048.0,80.0,4.07,2150.0,1901.0,2150.0,182.0,9.25,242200,False,
2026-08-10,2026-08-12,5985,サンコール,東Ｓ,stop_high,1750.0,1830.0,80.0,4.57,2067.0,1830.0,1994.0,244.0,13.94,4615600,False,
2026-08-10,2026-08-12,6072,地盤ＨＤ,東Ｓ,stop_high,1074.0,1164.0,90.0,8.38,1224.0,1104.0,1175.0,101.0,9.4,2546600,False,
2026-08-10,2026-08-12,6098,リクルート,東Ｐ,stop_high,16165.0,16565.0,400.0,2.47,16950.0,16380.0,16660.0,495.0,3.06,9007900,False,
2026-08-10,2026-08-12,612A,ＯｎｅＪ逆,東Ｅ,stop_high,9980.0,9980.0,0.0,0.0,9980.0,9970.0,9970.0,-10.0,-0.1,40,False,
2026-08-10,2026-08-12,6138,ダイジェト,東Ｓ,stop_high,1572.0,1906.0,334.0,21.25,1972.0,1807.0,1972.0,400.0,25.45,245300,False,
2026-08-10,2026-08-12,7318,セレンＨＤ,東Ｇ,stop_low,1547.0,1430.0,-117.0,-7.56,1587.0,1364.0,1553.0,6.0,0.39,853300,False,
2026-08-07,2026-08-10,1847,イチケン,東Ｓ,stop_high,3260.0,3445.0,185.0,5.67,3560.0,3335.0,3395.0,135.0,4.14,282500,False,
2026-08-07,2026-08-10,3422,Ｊ－ＭＡＸ,東Ｓ,stop_high,603.0,663.0,60.0,9.95,700.0,660.0,700.0,97.0,16.09,1115800,False,
2026-08-07,2026-08-10,3449,テクノフレ,東Ｓ,stop_low,4250.0,3900.0,-350.0,-8.24,4050.0,3755.0,3860.0,-390.0,-9.18,364200,False,
2026-08-07,2026-08-10,3676,デジハＨＤ,東Ｐ,stop_high,903.0,1053.0,150.0,16.61,1053.0,1053.0,1053.0,150.0,16.61,277300,False,
2026-08-07,2026-08-10,4052,フィーチャ,東Ｇ,stop_high,533.0,553.0,20.0,3.75,633.0,552.0,633.0,100.0,18.76,1378400,False,
2026-08-07,2026-08-10,4234,サンエー化研,東Ｓ,stop_high,942.0,927.0,-15.0,-1.59,932.0,886.0,912.0,-30.0,-3.18,210300,False,
2026-08-07,2026-08-10,429A,テクセンド,東Ｐ,stop_low,3670.0,3735.0,65.0,1.77,3835.0,3600.0,3765.0,95.0,2.59,1528700,False,
2026-08-07,2026-08-10,4527,ロート,東Ｐ,stop_high,2862.5,2912.5,50.0,1.75,2918.5,2783.0,2828.0,-34.5,-1.21,3402500,False,
2026-08-07,2026-08-10,5142,アキレス,東Ｐ,stop_high,1689.0,1720.0,31.0,1.84,1820.0,1704.0,1795.0,106.0,6.28,308400,False,
2026-08-07,2026-08-10,5711,三菱マ,東Ｐ,stop_high,5157.0,5250.0,93.0,1.8,5472.0,5042.0,5112.0,-45.0,-0.87,6739700,False,
2026-08-07,2026-08-10,6590,芝浦,東Ｐ,stop_low,4310.0,4315.0,5.0,0.12,4465.0,4220.0,4285.0,-25.0,-0.58,1969000,False,
2026-08-07,2026-08-10,6656,インスペック,東Ｓ,stop_high,907.0,892.0,-15.0,-1.65,893.0,850.0,856.0,-51.0,-5.62,187500,False,
2026-08-07,2026-08-10,6787,メイコー,東Ｐ,stop_low,18790.0,17200.0,-1590.0,-8.46,17510.0,16500.0,16910.0,-1880.0,-10.01,1315000,False,
2026-08-07,2026-08-10,6998,タングス,東Ｓ,stop_high,3120.0,3125.0,5.0,0.16,3365.0,3000.0,3280.0,160.0,5.13,491200,False,
2026-08-07,2026-08-10,7826,フルヤ金属,東Ｐ,stop_high,7920.0,8190.0,270.0,3.41,8920.0,8190.0,8560.0,640.0,8.08,1168200,False,
2026-08-06,2026-08-07,3628,データＨＲ,東Ｇ,stop_low,573.0,573.0,0.0,0.0,573.0,538.0,568.0,-5.0,-0.87,24600,False,
2026-08-06,2026-08-07,4052,フィーチャ,東Ｇ,stop_high,460.0,492.0,32.0,6.96,540.0,481.0,533.0,73.0,15.87,2307900,False,
2026-08-06,2026-08-07,4073,ジィ・シィ,東Ｇ,stop_low,579.0,529.0,-50.0,-8.64,610.0,526.0,566.0,-13.0,-2.25,528100,False,
2026-08-06,2026-08-07,4234,サンエー化研,東Ｓ,stop_high,792.0,942.0,150.0,18.94,942.0,942.0,942.0,150.0,18.94,61100,False,
2026-08-06,2026-08-07,5480,冶金工,東Ｐ,stop_high,5690.0,5690.0,0.0,0.0,5790.0,5560.0,5600.0,-90.0,-1.58,181400,False,
2026-08-06,2026-08-07,6266,タツモ,東Ｐ,stop_low,3885.0,3850.0,-35.0,-0.9,3875.0,3335.0,3370.0,-515.0,-13.26,894700,False,
2026-08-06,2026-08-07,6998,タングス,東Ｓ,stop_high,2618.0,2768.0,150.0,5.73,3120.0,2718.0,3120.0,502.0,19.17,815800,False,
2026-08-06,2026-08-07,7760,ＩＭＶ,東Ｓ,stop_low,2201.0,2153.0,-48.0,-2.18,2153.0,1935.0,1945.0,-256.0,-11.63,598300,False,
2026-08-06,2026-08-07,8056,ビプロジー,東Ｐ,stop_low,4168.0,4279.0,111.0,2.66,4390.0,4214.0,4305.0,137.0,3.29,905400,False,
2026-08-05,2026-08-06,3036,アルコニクス,東Ｐ,stop_high,3160.0,3225.0,65.0,2.06,3630.0,3180.0,3540.0,380.0,12.03,1041100,False,
2026-08-05,2026-08-06,3907,シリコンスタ,東Ｓ,stop_high,1510.0,1608.0,98.0,6.49,1713.0,1350.0,1404.0,-106.0,-7.02,3131000,False,
2026-08-05,2026-08-06,3954,昭和パックス,東Ｓ,stop_high,3290.0,3275.0,-15.0,-0.46,3275.0,3060.0,3100.0,-190.0,-5.78,3400,False,
2026-08-05,2026-08-06,4062,イビデン,東Ｐ,stop_high,20330.0,19980.0,-350.0,-1.72,20300.0,18415.0,19010.0,-1320.0,-6.49,12684800,False,
2026-08-05,2026-08-06,4073,ジィ・シィ,東Ｇ,stop_high,729.0,579.0,-150.0,-20.58,579.0,579.0,579.0,-150.0,-20.58,10500,False,
2026-08-05,2026-08-06,4635,東インキ,東Ｓ,stop_high,1673.0,1873.0,200.0,11.95,2070.0,1865.0,1994.0,321.0,19.19,510700,False,
2026-08-05,2026-08-06,4746,東計電算,東Ｓ,stop_high,6630.0,6730.0,100.0,1.51,6830.0,6430.0,6600.0,-30.0,-0.45,392300,False,
2026-08-05,2026-08-06,4968,荒川化,東Ｐ,stop_high,2337.0,2537.0,200.0,8.56,2673.0,2431.0,2440.0,103.0,4.41,1274200,False,
2026-08-05,2026-08-06,7480,スズデン,東Ｓ,stop_high,3370.0,3345.0,-25.0,-0.74,3600.0,3330.0,3580.0,210.0,6.23,276300,False,
2026-08-05,2026-08-06,9444,トーシンＨＤ,東Ｓ,stop_high,325.0,309.0,-16.0,-4.92,363.0,301.0,332.0,7.0,2.15,512100,False,
2026-08-04,2026-08-05,2737,トーメンデバ,東Ｐ,stop_high,31150.0,32550.0,1400.0,4.49,34150.0,31200.0,33400.0,2250.0,7.22,571800,False,
2026-08-04,2026-08-05,3276,ＪＰＭＣ,東Ｐ,stop_high,2222.0,2245.0,23.0,1.04,2245.0,2243.0,2245.0,23.0,1.04,2014700,False,
2026-08-04,2026-08-05,3856,Ａバランス,東Ｓ,stop_low,330.0,314.0,-16.0,-4.85,348.0,306.0,330.0,0.0,0.0,922300,False,
2026-08-04,2026-08-05,4052,フィーチャ,東Ｇ,stop_low,342.0,325.0,-17.0,-4.97,415.0,325.0,380.0,38.0,11.11,2040500,False,
2026-08-04,2026-08-05,4073,ジィ・シィ,東Ｇ,stop_high,629.0,729.0,100.0,15.9,729.0,729.0,729.0,100.0,15.9,166800,False,
2026-08-04,2026-08-05,4381,ビープラッツ,東Ｇ,stop_high,443.0,475.0,32.0,7.22,488.0,416.0,435.0,-8.0,-1.81,959300,False,
2026-08-04,2026-08-05,4746,東計電算,東Ｓ,stop_high,5630.0,6630.0,1000.0,17.76,6630.0,6630.0,6630.0,1000.0,17.76,10500,False,
2026-08-04,2026-08-05,6440,ＪＵＫＩ,東Ｐ,stop_high,640.0,647.0,7.0,1.09,663.0,618.0,647.0,7.0,1.09,1111800,False,
2026-08-04,2026-08-05,7480,スズデン,東Ｓ,stop_high,2901.0,3215.0,314.0,10.82,3405.0,3205.0,3370.0,469.0,16.17,586900,False,
2026-08-04,2026-08-05,7609,ダイトロン,東Ｐ,stop_high,4150.0,4150.0,0.0,0.0,4390.0,4105.0,4325.0,175.0,4.22,482300,False,
2026-08-04,2026-08-05,9257,ＹＣＰ,東Ｇ,stop_high,542.0,542.0,0.0,0.0,542.0,501.0,540.0,-2.0,-0.37,3400,False,
2026-08-04,2026-08-05,9444,トーシンＨＤ,東Ｓ,stop_high,298.0,330.0,32.0,10.74,378.0,314.0,325.0,27.0,9.06,939600,False,
2026-08-03,2026-08-04,2121,ＭＩＸＩ,東Ｐ,stop_high,3400.0,3350.0,-50.0,-1.47,3365.0,3210.0,3210.0,-190.0,-5.59,730100,False,
2026-08-03,2026-08-04,2737,トーメンデバ,東Ｐ,stop_high,26150.0,28140.0,1990.0,7.61,31150.0,28040.0,31150.0,5000.0,19.12,350100,False,
2026-08-03,2026-08-04,3856,Ａバランス,東Ｓ,stop_low,410.0,338.0,-72.0,-17.56,340.0,330.0,330.0,-80.0,-19.51,887000,False,
2026-08-03,2026-08-04,4052,フィーチャ,東Ｇ,stop_high,422.0,358.0,-64.0,-15.17,373.0,342.0,342.0,-80.0,-18.96,872200,False,
2026-08-03,2026-08-04,4073,ジィ・シィ,東Ｇ,stop_high,529.0,530.0,1.0,0.19,629.0,518.0,629.0,100.0,18.9,871500,False,
2026-08-03,2026-08-04,4381,ビープラッツ,東Ｇ,stop_high,363.0,419.0,56.0,15.43,443.0,388.0,443.0,80.0,22.04,1980800,False,
2026-08-03,2026-08-04,5214,日電硝,東Ｐ,stop_low,4394.0,4395.0,1.0,0.02,4708.0,4395.0,4635.0,241.0,5.48,1253300,False,
2026-08-03,2026-08-04,6157,日進工具,東Ｓ,stop_low,813.0,798.0,-15.0,-1.85,834.0,792.0,829.0,16.0,1.97,208100,False,
2026-08-03,2026-08-04,6810,マクセル,東Ｐ,stop_high,2570.0,2564.0,-6.0,-0.23,2578.0,2442.0,2456.0,-114.0,-4.44,690900,False,
2026-08-03,2026-08-04,6952,カシオ,東Ｐ,stop_high,2164.5,2205.0,40.5,1.87,2250.0,2130.0,2248.5,84.0,3.88,7541200,False,
2026-08-03,2026-08-04,8995,誠建設,東Ｓ,stop_high,1140.0,1200.0,60.0,5.26,1260.0,1055.0,1074.0,-66.0,-5.79,241900,False,
2026-08-03,2026-08-04,9110,ユナイテド海,東Ｐ,stop_high,9540.0,10470.0,930.0,9.75,10520.0,10420.0,10420.0,880.0,9.22,636700,False,
2026-07-31,2026-08-03,2033,コスピブル,東EN,stop_high,63090.0,62090.0,-1000.0,-1.59,65000.0,59800.0,63350.0,260.0,0.41,10741,False,
2026-07-31,2026-08-03,221A,ＭＸ日半導体,東Ｅ,stop_high,1122.0,1086.0,-36.0,-3.21,1129.5,1066.0,1106.5,-15.5,-1.38,1144710,False,
2026-07-31,2026-08-03,2737,トーメンデバ,東Ｐ,stop_high,21150.0,25150.0,4000.0,18.91,26150.0,25110.0,26150.0,5000.0,23.64,154100,False,
2026-07-31,2026-08-03,2805,エスビー,東Ｓ,stop_high,6600.0,6630.0,30.0,0.45,6860.0,6440.0,6700.0,100.0,1.52,97800,False,
2026-07-31,2026-08-03,285A,キオクシア,東Ｐ,stop_high,46500.0,47500.0,1000.0,2.15,51990.0,44370.0,49160.0,2660.0,5.72,69465900,False,
2026-07-31,2026-08-03,3436,ＳＵＭＣＯ,東Ｐ,stop_high,3357.0,3349.0,-8.0,-0.24,3510.0,3253.0,3457.0,100.0,2.98,22813400,False,
2026-07-31,2026-08-03,3449,テクノフレ,東Ｓ,stop_high,4860.0,4720.0,-140.0,-2.88,4860.0,4565.0,4570.0,-290.0,-5.97,212700,False,
2026-07-31,2026-08-03,3891,高度紙,東Ｓ,stop_high,6730.0,6800.0,70.0,1.04,7230.0,6460.0,6810.0,80.0,1.19,644300,False,
2026-07-31,2026-08-03,4052,フィーチャ,東Ｇ,stop_high,342.0,422.0,80.0,23.39,422.0,422.0,422.0,80.0,23.39,243200,False,
2026-07-31,2026-08-03,4062,イビデン,東Ｐ,stop_high,16650.0,15850.0,-800.0,-4.8,16295.0,15165.0,15535.0,-1115.0,-6.7,8105600,False,
2026-07-31,2026-08-03,4220,リケンテクノ,東Ｐ,stop_high,2216.0,2465.0,249.0,11.24,2695.0,2402.0,2621.0,405.0,18.28,913500,False,
2026-07-31,2026-08-03,4424,Ａｍａｚｉａ,東Ｇ,stop_high,379.0,395.0,16.0,4.22,407.0,353.0,376.0,-3.0,-0.79,666900,False,
2026-07-31,2026-08-03,4463,日華化学,東Ｓ,stop_high,2006.0,1999.0,-7.0,-0.35,2035.0,1953.0,1997.0,-9.0,-0.45,66700,False,
2026-07-31,2026-08-03,4902,コニカミノル,東Ｐ,stop_low,590.8,570.8,-20.0,-3.39,599.6,554.7,595.5,4.7,0.8,6923300,False,
2026-07-31,2026-08-03,516A,ｉＦ米＄ブル,東Ｅ,stop_high,2055.0,2019.0,-36.0,-1.75,2068.0,2002.0,2002.0,-53.0,-2.58,1613,False,
2026-07-31,2026-08-03,5801,古河電,東Ｐ,stop_high,3145.0,2935.0,-210.0,-6.68,3233.0,2929.5,3200.0,55.0,1.75,15709100,False,
2026-07-30,2026-07-31,2737,トーメンデバ,東Ｐ,stop_high,17150.0,21150.0,4000.0,23.32,21150.0,21150.0,21150.0,4000.0,23.32,12100.0,False,
2026-07-30,2026-07-31,3260,エスポア,名Ｎ,stop_high,754.0,,,,,,,,,,True,
2026-07-30,2026-07-31,3907,シリコンスタ,東Ｓ,stop_low,1018.0,1108.0,90.0,8.84,1230.0,1000.0,1004.0,-14.0,-1.38,1240600.0,False,
2026-07-30,2026-07-31,3930,はてな,東Ｇ,stop_low,840.0,812.0,-28.0,-3.33,830.0,800.0,805.0,-35.0,-4.17,146700.0,False,
2026-07-30,2026-07-31,4461,一工薬,東Ｐ,stop_high,10330.0,11500.0,1170.0,11.33,12850.0,11150.0,12620.0,2290.0,22.17,842200.0,False,
2026-07-30,2026-07-31,6364,ＡＩＲＭＡＮ,東Ｐ,stop_high,2373.0,2423.0,50.0,2.11,2640.0,2400.0,2546.0,173.0,7.29,427100.0,False,
2026-07-30,2026-07-31,6840,ＡＫＩＢＡ,東Ｓ,stop_high,614.0,694.0,80.0,13.03,714.0,664.0,694.0,80.0,13.03,1331700.0,False,
2026-07-30,2026-07-31,6862,ミナトＨＤ,東Ｓ,stop_high,1829.0,2050.0,221.0,12.08,2088.0,1973.0,2022.0,193.0,10.55,586400.0,False,
2026-07-30,2026-07-31,7740,タムロン,東Ｐ,stop_high,1434.0,1404.0,-30.0,-2.09,1450.0,1381.0,1438.0,4.0,0.28,3465900.0,False,
2026-07-29,2026-07-30,1848,富士ＰＳ,東Ｓ,stop_high,705.0,710.0,5.0,0.71,720.0,692.0,703.0,-2.0,-0.28,55100.0,False,
2026-07-29,2026-07-30,2033,コスピブル,東EN,stop_low,53940.0,53620.0,-320.0,-0.59,58000.0,51510.0,53090.0,-850.0,-1.58,14670.0,False,
2026-07-29,2026-07-30,2034,コスピベア,東EN,stop_high,2429.0,2629.0,200.0,8.23,2629.0,2220.0,2423.0,-6.0,-0.25,181759.0,False,
2026-07-29,2026-07-30,2767,円谷フィＨＤ,東Ｐ,stop_high,2330.0,2329.0,-1.0,-0.04,2499.0,2321.0,2414.0,84.0,3.61,5192500.0,False,
2026-07-29,2026-07-30,3260,エスポア,名Ｎ,stop_low,699.0,,,,,,,,,,True,
2026-07-29,2026-07-30,3907,シリコンスタ,東Ｓ,stop_high,1318.0,1190.0,-128.0,-9.71,1234.0,1018.0,1018.0,-300.0,-22.76,1270300.0,False,
2026-07-29,2026-07-30,504A,イノバセル,東Ｇ,stop_high,553.0,543.0,-10.0,-1.81,553.0,506.0,510.0,-43.0,-7.78,198800.0,False,
2026-07-29,2026-07-30,5248,テクノロジー,東Ｇ,stop_high,534.0,486.0,-48.0,-8.99,492.0,456.0,467.0,-67.0,-12.55,234300.0,False,
2026-07-29,2026-07-30,603A,アイグリッド,東Ｇ,stop_low,830.0,831.0,1.0,0.12,845.0,745.0,796.0,-34.0,-4.1,3035200.0,False,
2026-07-29,2026-07-30,604A,ビーエイブル,東Ｓ,stop_high,1316.0,1212.0,-104.0,-7.9,1314.0,1043.0,1063.0,-253.0,-19.22,4585000.0,False,
2026-07-29,2026-07-30,9227,マイクロ波,東Ｇ,stop_high,922.0,900.0,-22.0,-2.39,1041.0,864.0,887.0,-35.0,-3.8,2260700.0,False,
2026-07-29,2026-07-30,9256,サクシード,東Ｇ,stop_low,1446.0,1416.0,-30.0,-2.07,1557.0,1325.0,1349.0,-97.0,-6.71,770200.0,False,
2026-07-29,2026-07-30,9697,カプコン,東Ｐ,stop_high,4229.0,4184.0,-45.0,-1.06,4210.0,4011.0,4107.0,-122.0,-2.88,6612700.0,False,
2026-07-28,2026-07-29,150A,ＪＳＨ,東Ｇ,stop_low,447.0,451.0,4.0,0.89,478.0,445.0,454.0,7.0,1.57,753900.0,False,
2026-07-28,2026-07-29,2033,コスピブル,東EN,stop_low,63940.0,63000.0,-940.0,-1.47,65750.0,53940.0,53940.0,-10000.0,-15.64,16690.0,False,
2026-07-28,2026-07-29,2767,円谷フィＨＤ,東Ｐ,stop_high,1930.0,2190.0,260.0,13.47,2330.0,2190.0,2330.0,400.0,20.73,3630000.0,False,
2026-07-28,2026-07-29,285A,キオクシア,東Ｐ,stop_low,44550.0,44660.0,110.0,0.25,48820.0,37650.0,38380.0,-6170.0,-13.85,86230700.0,False,
2026-07-28,2026-07-29,3260,エスポア,名Ｎ,stop_high,832.0,,,,,,,,,,True,
2026-07-28,2026-07-29,3625,テックファム,東Ｇ,stop_high,585.0,580.0,-5.0,-0.85,608.0,557.0,593.0,8.0,1.37,117700.0,False,
2026-07-28,2026-07-29,3851,日本一ソフト,東Ｓ,stop_high,970.0,969.0,-1.0,-0.1,1068.0,952.0,1062.0,92.0,9.48,239500.0,False,
2026-07-28,2026-07-29,4052,フィーチャ,東Ｇ,stop_low,321.0,302.0,-19.0,-5.92,304.0,271.0,280.0,-41.0,-12.77,543100.0,False,
2026-07-28,2026-07-29,5242,アイズ,東Ｇ,stop_high,2323.0,2023.0,-300.0,-12.91,2490.0,2014.0,2490.0,167.0,7.19,119400.0,False,
2026-07-28,2026-07-29,6323,ローツェ,東Ｐ,stop_low,3828.0,3758.0,-70.0,-1.83,3778.0,3331.0,3450.0,-378.0,-9.87,5160600.0,False,
2026-07-28,2026-07-29,8995,誠建設,東Ｓ,stop_high,1093.0,1153.0,60.0,5.49,1220.0,950.0,969.0,-124.0,-11.34,368900.0,False,
2026-07-28,2026-07-29,9256,サクシード,東Ｇ,stop_low,1846.0,1446.0,-400.0,-21.67,1574.0,1446.0,1446.0,-400.0,-21.67,482300.0,False,
2026-07-27,2026-07-28,2048,高配株米ドル,東EN,stop_high,58860.0,58670.0,-190.0,-0.32,58670.0,57500.0,57500.0,-1360.0,-2.31,5.0,False,
2026-07-27,2026-07-28,2050,ＮＴ中小型,東EN,stop_high,35710.0,32630.0,-3080.0,-8.63,32630.0,32000.0,32000.0,-3710.0,-10.39,18.0,False,
2026-07-27,2026-07-28,2560,ＭＸカーボン,東Ｅ,stop_high,54230.0,54230.0,0.0,0.0,54230.0,54230.0,54230.0,0.0,0.0,0.0,True,
2026-07-27,2026-07-28,3260,エスポア,名Ｎ,stop_high,742.0,,,,,,,,,,True,
2026-07-27,2026-07-28,4052,フィーチャ,東Ｇ,stop_high,401.0,329.0,-72.0,-17.96,355.0,321.0,321.0,-80.0,-19.95,750900.0,False,
2026-07-27,2026-07-28,4972,綜研化学,東Ｓ,stop_low,3095.0,3215.0,120.0,3.88,3215.0,2985.0,3040.0,-55.0,-1.78,226600.0,False,
2026-07-27,2026-07-28,5242,アイズ,東Ｇ,stop_high,2709.0,2909.0,200.0,7.38,3210.0,2306.0,2323.0,-386.0,-14.25,378700.0,False,
2026-07-27,2026-07-28,5253,カバー,東Ｇ,stop_high,1650.0,1649.0,-1.0,-0.06,1700.0,1570.0,1608.0,-42.0,-2.55,5686400.0,False,
2026-07-27,2026-07-28,8995,誠建設,東Ｓ,stop_high,943.0,1093.0,150.0,15.91,1093.0,1082.0,1093.0,150.0,15.91,39000.0,False,
2026-07-24,2026-07-27,150A,ＪＳＨ,東Ｇ,stop_low,556.0,546.0,-10.0,-1.8,550.0,485.0,537.0,-19.0,-3.42,757500.0,False,
2026-07-24,2026-07-27,3260,エスポア,名Ｎ,stop_high,642.0,,,,,,,,,,True,
2026-07-24,2026-07-27,5240,ｍｏｎｏＡＩ,東Ｇ,stop_high,213.0,245.0,32.0,15.02,263.0,201.0,250.0,37.0,17.37,3861500.0,False,
2026-07-24,2026-07-27,5242,アイズ,東Ｇ,stop_high,2209.0,2559.0,350.0,15.84,2709.0,2526.0,2709.0,500.0,22.63,98800.0,False,
2026-07-24,2026-07-27,9256,サクシード,東Ｇ,stop_low,2120.0,2235.0,115.0,5.42,2499.0,2091.0,2346.0,226.0,10.66,1095500.0,False,
2026-07-23,2026-07-24,1518,三井松島ＨＤ,東Ｐ,stop_high,1953.0,2199.0,246.0,12.6,2273.0,2185.0,2241.0,288.0,14.75,3839800.0,False,
2026-07-23,2026-07-24,1697,ＷＴ大豆,東Ｅ,stop_high,4836.0,4915.0,79.0,1.63,5064.0,4817.0,4990.0,154.0,3.18,950.0,False,
2026-07-23,2026-07-24,2459,アウン,東Ｓ,stop_high,211.0,197.0,-14.0,-6.64,211.0,184.0,185.0,-26.0,-12.32,1830100.0,False,
2026-07-23,2026-07-24,3047,トラックワン,福Ｑ,stop_high,940.0,,,,,,,,,,True,
2026-07-23,2026-07-24,323A,フライヤー,東Ｇ,stop_high,387.0,387.0,0.0,0.0,396.0,376.0,380.0,-7.0,-1.81,64900.0,False,
2026-07-23,2026-07-24,3260,エスポア,名Ｎ,stop_low,542.0,,,,,,,,,,True,
2026-07-23,2026-07-24,3907,シリコンスタ,東Ｓ,stop_high,1054.0,1044.0,-10.0,-0.95,1350.0,964.0,1110.0,56.0,5.31,3169500.0,False,
2026-07-23,2026-07-24,4894,クオリプス,東Ｇ,stop_high,4885.0,4885.0,0.0,0.0,5030.0,4190.0,4190.0,-695.0,-14.23,482500.0,False,
2026-07-23,2026-07-24,5242,アイズ,東Ｇ,stop_high,1990.0,2380.0,390.0,19.6,2390.0,2123.0,2209.0,219.0,11.01,253600.0,False,
2026-07-23,2026-07-24,584A,ＬｉＮＫＸ,東Ｇ,stop_high,3070.0,2880.0,-190.0,-6.19,2995.0,2636.0,2799.0,-271.0,-8.83,432500.0,False,
2026-07-23,2026-07-24,6227,ＡＩメカ,東Ｓ,stop_high,7240.0,7090.0,-150.0,-2.07,7350.0,6750.0,7020.0,-220.0,-3.04,1140600.0,False,
2026-07-23,2026-07-24,6890,フェローテク,東Ｓ,stop_high,8940.0,9090.0,150.0,1.68,9280.0,8580.0,8920.0,-20.0,-0.22,6071000.0,False,
2026-07-23,2026-07-24,9256,サクシード,東Ｇ,stop_low,2620.0,2520.0,-100.0,-3.82,2700.0,2120.0,2120.0,-500.0,-19.08,634000.0,False,
2026-07-22,2026-07-23,3803,イメージ情報,東Ｇ,stop_high,532.0,522.0,-10.0,-1.88,553.0,505.0,515.0,-17.0,-3.2,208300,False,
2026-07-22,2026-07-23,3907,シリコンスタ,東Ｓ,stop_high,904.0,1054.0,150.0,16.59,1054.0,1002.0,1054.0,150.0,16.59,287700,False,
2026-07-22,2026-07-23,4052,フィーチャ,東Ｇ,stop_high,312.0,344.0,32.0,10.26,361.0,283.0,330.0,18.0,5.77,1048400,False,
2026-07-22,2026-07-23,4073,ジィ・シィ,東Ｇ,stop_high,516.0,546.0,30.0,5.81,556.0,480.0,480.0,-36.0,-6.98,241900,False,
2026-07-22,2026-07-23,4424,Ａｍａｚｉａ,東Ｇ,stop_high,357.0,421.0,64.0,17.93,429.0,328.0,328.0,-29.0,-8.12,2920400,False,
2026-07-22,2026-07-23,598A,チャットプラ,東Ｇ,stop_low,2284.0,2184.0,-100.0,-4.38,2297.0,2035.0,2050.0,-234.0,-10.25,1931600,False,
2026-07-22,2026-07-23,6769,ザイン,東Ｓ,stop_high,1072.0,1102.0,30.0,2.8,1125.0,1061.0,1067.0,-5.0,-0.47,238100,False,
2026-07-22,2026-07-23,9256,サクシード,東Ｇ,stop_low,3320.0,3050.0,-270.0,-8.13,3375.0,2620.0,2620.0,-700.0,-21.08,454400,False,
2026-07-21,2026-07-22,2354,ＹＥデジタル,東Ｓ,stop_high,1359.0,1365.0,6.0,0.44,1496.0,1214.0,1220.0,-139.0,-10.23,8300000,False,
2026-07-21,2026-07-22,296A,令和ＡＨ,東Ｇ,stop_high,901.0,902.0,1.0,0.11,998.0,898.0,930.0,29.0,3.22,1587000,False,
2026-07-21,2026-07-22,3907,シリコンスタ,東Ｓ,stop_high,754.0,904.0,150.0,19.89,904.0,904.0,904.0,150.0,19.89,10400,False,
2026-07-21,2026-07-22,4381,ビープラッツ,東Ｇ,stop_low,414.0,382.0,-32.0,-7.73,390.0,354.0,354.0,-60.0,-14.49,399300,False,
2026-07-21,2026-07-22,5575,グロービー,東Ｇ,stop_high,1087.0,1097.0,10.0,0.92,1243.0,1042.0,1226.0,139.0,12.79,316100,False,
2026-07-21,2026-07-22,598A,チャットプラ,東Ｇ,stop_high,2784.0,2284.0,-500.0,-17.96,2285.0,2284.0,2284.0,-500.0,-17.96,306000,False,
2026-07-21,2026-07-22,9238,バリューＣ,東Ｇ,stop_high,472.0,440.0,-32.0,-6.78,515.0,430.0,457.0,-15.0,-3.18,410200,False,
2026-07-17,2026-07-21,150A,ＪＳＨ,東Ｇ,stop_high,542.0,492.0,-50.0,-9.23,685.0,490.0,685.0,143.0,26.38,3955900,False,
2026-07-17,2026-07-21,2034,コスピベア,東EN,stop_high,2289.0,2276.0,-13.0,-0.57,2276.0,1919.0,2016.0,-273.0,-11.93,115393,False,
2026-07-17,2026-07-21,2354,ＹＥデジタル,東Ｓ,stop_high,1059.0,1198.0,139.0,13.13,1359.0,1192.0,1359.0,300.0,28.33,3960300,False,
2026-07-17,2026-07-21,280A,ＴＭＨ,東Ｇ,stop_low,1103.0,1010.0,-93.0,-8.43,1048.0,965.0,989.0,-114.0,-10.34,366800,False,
2026-07-17,2026-07-21,285A,キオクシア,東Ｐ,stop_low,52110.0,53110.0,1000.0,1.92,61920.0,51370.0,61060.0,8950.0,17.18,50881700,False,
2026-07-17,2026-07-21,3436,ＳＵＭＣＯ,東Ｐ,stop_low,3914.0,3915.0,1.0,0.03,3986.0,3621.0,3900.0,-14.0,-0.36,26885400,False,
2026-07-17,2026-07-21,598A,チャットプラ,東Ｇ,stop_low,2284.0,2034.0,-250.0,-10.95,2784.0,2034.0,2784.0,500.0,21.89,3538600,False,
2026-07-17,2026-07-21,6327,北川精機,東Ｓ,stop_low,3910.0,3980.0,70.0,1.79,4115.0,3650.0,4070.0,160.0,4.09,805200,False,
2026-07-17,2026-07-21,6380,オリチェン,東Ｓ,stop_low,3955.0,3900.0,-55.0,-1.39,4050.0,3850.0,3945.0,-10.0,-0.25,18700,False,
2026-07-17,2026-07-21,6668,ＡＤプラズマ,東Ｓ,stop_low,3125.0,3195.0,70.0,2.24,3245.0,3010.0,3110.0,-15.0,-0.48,403200,False,
2026-07-17,2026-07-21,6800,ヨコオ,東Ｐ,stop_low,4300.0,4325.0,25.0,0.58,4345.0,4215.0,4345.0,45.0,1.05,287800,False,
2026-07-17,2026-07-21,6855,電子材料,東Ｓ,stop_low,5960.0,6020.0,60.0,1.01,6370.0,5830.0,6360.0,400.0,6.71,932900,False,
2026-07-17,2026-07-21,7581,サイゼリヤ,東Ｐ,stop_high,7600.0,7500.0,-100.0,-1.32,7620.0,7270.0,7280.0,-320.0,-4.21,1567100,False,
2026-07-17,2026-07-21,9439,ＭＨグループ,東Ｓ,stop_high,247.0,242.0,-5.0,-2.02,288.0,242.0,250.0,3.0,1.21,1112900,False,
2026-07-16,2026-07-17,1418,インタライフ,東Ｓ,stop_high,595.0,585.0,-10.0,-1.68,597.0,581.0,593.0,-2.0,-0.34,221500.0,False,
2026-07-16,2026-07-17,150A,ＪＳＨ,東Ｇ,stop_high,462.0,542.0,80.0,17.32,542.0,542.0,542.0,80.0,17.32,391500.0,False,
2026-07-16,2026-07-17,157A,Ｇモンスター,東Ｇ,stop_high,1015.0,950.0,-65.0,-6.4,1005.0,872.0,872.0,-143.0,-14.09,208700.0,False,
2026-07-16,2026-07-17,175A,ウィルスマ,東Ｇ,stop_high,690.0,640.0,-50.0,-7.25,684.0,611.0,645.0,-45.0,-6.52,110100.0,False,
2026-07-16,2026-07-17,2354,ＹＥデジタル,東Ｓ,stop_high,978.0,1098.0,120.0,12.27,1128.0,930.0,1059.0,81.0,8.28,7669100.0,False,
2026-07-16,2026-07-17,280A,ＴＭＨ,東Ｇ,stop_low,1403.0,1103.0,-300.0,-21.38,1103.0,1103.0,1103.0,-300.0,-21.38,10800.0,False,
2026-07-16,2026-07-17,3449,テクノフレ,東Ｓ,stop_low,5380.0,4770.0,-610.0,-11.34,4925.0,4445.0,4910.0,-470.0,-8.74,590900.0,False,
2026-07-16,2026-07-17,3791,ＩＧポート,東Ｓ,stop_low,1026.0,983.0,-43.0,-4.19,1020.0,955.0,962.0,-64.0,-6.24,694600.0,False,
2026-07-16,2026-07-17,414A,オーバラップ,東Ｇ,stop_low,801.0,792.0,-9.0,-1.12,822.0,792.0,809.0,8.0,1.0,296500.0,False,
2026-07-16,2026-07-17,418A,ウリドキ,名Ｎ,stop_low,1342.0,,,,,,,,,,True,
2026-07-16,2026-07-17,4412,サイエンスＡ,東Ｇ,stop_high,1350.0,1350.0,0.0,0.0,1365.0,1243.0,1258.0,-92.0,-6.81,164500.0,False,
2026-07-16,2026-07-17,4490,ビザスク,東Ｇ,stop_high,662.0,655.0,-7.0,-1.06,662.0,622.0,656.0,-6.0,-0.91,76400.0,False,
2026-07-16,2026-07-17,5026,トリプルアイ,東Ｇ,stop_low,587.0,585.0,-2.0,-0.34,619.0,581.0,598.0,11.0,1.87,93500.0,False,
2026-07-16,2026-07-17,598A,チャットプラ,東Ｇ,stop_high,2784.0,2700.0,-84.0,-3.02,2784.0,2284.0,2284.0,-500.0,-17.96,650900.0,False,
2026-07-16,2026-07-17,6033,エクストリム,東Ｇ,stop_high,1648.0,1570.0,-78.0,-4.73,1751.0,1570.0,1675.0,27.0,1.64,153900.0,False,
2026-07-16,2026-07-17,6047,Ｇｕｎｏｓｙ,東Ｓ,stop_low,388.0,372.0,-16.0,-4.12,373.0,345.0,350.0,-38.0,-9.79,1337100.0,False,
2026-07-16,2026-07-17,6522,アスタリスク,東Ｇ,stop_low,1499.0,1409.0,-90.0,-6.0,1409.0,1291.0,1308.0,-191.0,-12.74,1174100.0,False,
2026-07-16,2026-07-17,7352,ＴＷＯＳＴ,東Ｇ,stop_low,373.0,357.0,-16.0,-4.29,370.0,340.0,344.0,-29.0,-7.77,313400.0,False,
2026-07-16,2026-07-17,7581,サイゼリヤ,東Ｐ,stop_high,6780.0,7080.0,300.0,4.42,7780.0,6960.0,7600.0,820.0,12.09,6483700.0,False,
2026-07-16,2026-07-17,9238,バリューＣ,東Ｇ,stop_high,454.0,450.0,-4.0,-0.88,454.0,392.0,392.0,-62.0,-13.66,107400.0,False,
2026-07-16,2026-07-17,9388,パパネッツ,福Ｑ,stop_high,1701.0,,,,,,,,,,True,
2026-07-15,2026-07-16,1407,ウエストＨＤ,東Ｓ,stop_high,2802.0,2803.0,1.0,0.04,2878.0,2662.0,2747.0,-55.0,-1.96,1808400,False,
2026-07-15,2026-07-16,4381,ビープラッツ,東Ｇ,stop_low,574.0,614.0,40.0,6.97,647.0,488.0,580.0,6.0,1.05,835600,False,
2026-07-15,2026-07-16,4439,東名,東Ｓ,stop_high,898.0,897.0,-1.0,-0.11,897.0,856.0,856.0,-42.0,-4.68,38400,False,
2026-07-15,2026-07-16,5246,エレメンツ,東Ｇ,stop_high,720.0,724.0,4.0,0.56,769.0,708.0,712.0,-8.0,-1.11,1286000,False,
2026-07-15,2026-07-16,5575,グロービー,東Ｇ,stop_high,889.0,930.0,41.0,4.61,978.0,902.0,978.0,89.0,10.01,248300,False,
2026-07-15,2026-07-16,5817,ＪＭＡＣＳ,東Ｓ,stop_high,1005.0,1110.0,105.0,10.45,1152.0,1036.0,1051.0,46.0,4.58,800100,False,
2026-07-15,2026-07-16,581A,ＧＯ,東Ｇ,stop_high,2950.0,2950.0,0.0,0.0,3175.0,2752.0,2831.0,-119.0,-4.03,11981800,False,
2026-07-15,2026-07-16,7031,インバウＴ,東Ｇ,stop_high,753.0,766.0,13.0,1.73,766.0,674.0,695.0,-58.0,-7.7,14600,False,
2026-07-15,2026-07-16,7888,三光合成,東Ｐ,stop_high,924.0,924.0,0.0,0.0,948.0,920.0,921.0,-3.0,-0.32,905300,False,
2026-07-15,2026-07-16,9326,関通ＨＤ,東Ｇ,stop_high,511.0,511.0,0.0,0.0,541.0,500.0,510.0,-1.0,-0.2,376600,False,
2026-07-14,2026-07-15,3907,シリコンスタ,東Ｓ,stop_low,755.0,715.0,-40.0,-5.3,730.0,685.0,724.0,-31.0,-4.11,213400,False,
2026-07-14,2026-07-15,3996,サインポスト,東Ｓ,stop_high,248.0,249.0,1.0,0.4,256.0,215.0,229.0,-19.0,-7.66,2814100,False,
2026-07-14,2026-07-15,4174,アピリッツ,東Ｓ,stop_high,925.0,865.0,-60.0,-6.49,949.0,823.0,851.0,-74.0,-8.0,799200,False,
2026-07-14,2026-07-15,4199,ワンプラ,東Ｇ,stop_high,1053.0,1030.0,-23.0,-2.18,1048.0,952.0,966.0,-87.0,-8.26,309300,False,
2026-07-14,2026-07-15,4381,ビープラッツ,東Ｇ,stop_high,651.0,571.0,-80.0,-12.29,678.0,551.0,574.0,-77.0,-11.83,1453500,False,
2026-07-14,2026-07-15,4418,ＪＤＳＣ,東Ｇ,stop_high,920.0,920.0,0.0,0.0,972.0,870.0,958.0,38.0,4.13,1403000,False,
2026-07-14,2026-07-15,4889,レナ,東Ｇ,stop_high,1630.0,1550.0,-80.0,-4.91,1590.0,1494.0,1557.0,-73.0,-4.48,520000,False,
2026-07-14,2026-07-15,5026,トリプルアイ,東Ｇ,stop_high,624.0,632.0,8.0,1.28,723.0,631.0,685.0,61.0,9.78,678500,False,
2026-07-14,2026-07-15,6836,ぷらっと,東Ｓ,stop_high,924.0,909.0,-15.0,-1.62,919.0,856.0,919.0,-5.0,-0.54,124600,False,
2026-07-13,2026-07-14,195A,マスカットＧ,東Ｇ,stop_high,762.0,792.0,30.0,3.94,871.0,771.0,820.0,58.0,7.61,223600.0,False,
2026-07-13,2026-07-14,2033,コスピブル,東EN,stop_low,84990.0,81990.0,-3000.0,-3.53,85050.0,76000.0,82990.0,-2000.0,-2.35,12595.0,False,
2026-07-13,2026-07-14,3046,ＪＩＮＳＨＤ,東Ｐ,stop_low,6240.0,6150.0,-90.0,-1.44,6230.0,5820.0,6030.0,-210.0,-3.37,1213000.0,False,
2026-07-13,2026-07-14,4424,Ａｍａｚｉａ,東Ｇ,stop_high,392.0,392.0,0.0,0.0,455.0,352.0,372.0,-20.0,-5.1,2711000.0,False,
2026-07-13,2026-07-14,5240,ｍｏｎｏＡＩ,東Ｇ,stop_high,230.0,271.0,41.0,17.83,294.0,206.0,206.0,-24.0,-10.43,18538900.0,False,
2026-07-13,2026-07-14,6227,ＡＩメカ,東Ｓ,stop_high,7790.0,7390.0,-400.0,-5.13,8200.0,7100.0,8100.0,310.0,3.98,2402500.0,False,
2026-07-13,2026-07-14,6506,安川電,東Ｐ,stop_low,5972.0,5860.0,-112.0,-1.88,5860.0,5205.0,5436.0,-536.0,-8.98,25491900.0,False,
2026-07-13,2026-07-14,6814,古野電,東Ｐ,stop_high,7390.0,7290.0,-100.0,-1.35,7550.0,7100.0,7220.0,-170.0,-2.3,1384000.0,False,
2026-07-13,2026-07-14,9170,成友興業,名Ｍ,stop_low,1690.0,,,,,,,,,,True,
2026-07-10,2026-07-13,3436,ＳＵＭＣＯ,東Ｐ,stop_high,5244.0,5344.0,100.0,1.91,5939.0,5133.0,5133.0,-111.0,-2.12,40452300.0,False,
2026-07-10,2026-07-13,4381,ビープラッツ,東Ｇ,stop_high,312.0,524.0,212.0,67.95,615.0,463.0,551.0,239.0,76.6,1987800.0,False,
2026-07-10,2026-07-13,4424,Ａｍａｚｉａ,東Ｇ,stop_high,396.0,460.0,64.0,16.16,476.0,386.0,392.0,-4.0,-1.01,4255900.0,False,
2026-07-10,2026-07-13,4575,ＣＡＮＢＡＳ,東Ｇ,stop_high,758.0,760.0,2.0,0.26,816.0,741.0,757.0,-1.0,-0.13,685900.0,False,
2026-07-10,2026-07-13,472A,ミラティブ,東Ｇ,stop_high,562.0,628.0,66.0,11.74,650.0,575.0,590.0,28.0,4.98,2224100.0,False,
2026-07-10,2026-07-13,5018,ＭＯＲＥＳＣ,東Ｓ,stop_high,2320.0,2321.0,1.0,0.04,2381.0,2128.0,2128.0,-192.0,-8.28,323400.0,False,
2026-07-10,2026-07-13,5240,ｍｏｎｏＡＩ,東Ｇ,stop_high,180.0,207.0,27.0,15.0,230.0,194.0,230.0,50.0,27.78,8476100.0,False,
2026-07-10,2026-07-13,6227,ＡＩメカ,東Ｓ,stop_high,6790.0,7000.0,210.0,3.09,7790.0,6800.0,7790.0,1000.0,14.73,4280900.0,False,
2026-07-10,2026-07-13,6266,タツモ,東Ｐ,stop_high,5210.0,5160.0,-50.0,-0.96,5490.0,5080.0,5090.0,-120.0,-2.3,613500.0,False,
2026-07-10,2026-07-13,6327,北川精機,東Ｓ,stop_high,6130.0,5930.0,-200.0,-3.26,6360.0,5180.0,5290.0,-840.0,-13.7,1174000.0,False,
2026-07-10,2026-07-13,9170,成友興業,名Ｍ,stop_low,2141.0,,,,,,,,,,True,
2026-07-06,2026-07-07,264A,Ｓｃｈｏｏ,東Ｇ,stop_high,345.0,330.0,-15.0,-4.35,338.0,293.0,300.0,-45.0,-13.04,425200.0,False,
2026-07-06,2026-07-07,265A,Ｈｍｃｏｍｍ,東Ｇ,stop_high,801.0,796.0,-5.0,-0.62,799.0,740.0,769.0,-32.0,-4.0,90700.0,False,
2026-07-06,2026-07-07,3656,ＫＬａｂ,東Ｐ,stop_high,241.0,227.0,-14.0,-5.81,235.0,215.0,217.0,-24.0,-9.96,17313900.0,False,
2026-07-06,2026-07-07,4394,エクスＭ,東Ｇ,stop_high,530.0,597.0,67.0,12.64,606.0,531.0,559.0,29.0,5.47,547400.0,False,
2026-07-06,2026-07-07,4424,Ａｍａｚｉａ,東Ｇ,stop_high,352.0,305.0,-47.0,-13.35,307.0,272.0,272.0,-80.0,-22.73,798900.0,False,
2026-07-06,2026-07-07,4596,窪田製薬ＨＤ,東Ｇ,stop_high,117.0,118.0,1.0,0.85,120.0,78.0,78.0,-39.0,-33.33,42837200.0,False,
2026-07-06,2026-07-07,504A,イノバセル,東Ｇ,stop_high,643.0,663.0,20.0,3.11,665.0,543.0,543.0,-100.0,-15.55,722900.0,False,
2026-07-06,2026-07-07,584A,ＬｉＮＫＸ,東Ｇ,stop_high,3025.0,3300.0,275.0,9.09,3725.0,3105.0,3725.0,700.0,23.14,3621300.0,False,
2026-07-06,2026-07-07,589A,ネイス,東Ｇ,stop_high,1487.0,1457.0,-30.0,-2.02,1554.0,1385.0,1398.0,-89.0,-5.99,1575100.0,False,
2026-07-06,2026-07-07,9170,成友興業,名Ｍ,stop_high,2245.0,,,,,,,,,,True,
2026-07-06,2026-07-07,9256,サクシード,東Ｇ,stop_low,4240.0,4100.0,-140.0,-3.3,4100.0,3670.0,3855.0,-385.0,-9.08,142000.0,False,
2026-07-01,2026-07-02,242A,リプライオリ,福Ｑ,stop_high,595.0,,,,,,,,,,True,
2026-07-01,2026-07-02,265A,Ｈｍｃｏｍｍ,東Ｇ,stop_high,796.0,841.0,45.0,5.65,876.0,724.0,739.0,-57.0,-7.16,499600.0,False,
2026-07-01,2026-07-02,3260,エスポア,名Ｎ,stop_high,700.0,,,,,,,,,,True,
2026-07-01,2026-07-02,330A,タレントＸ,東Ｇ,stop_high,473.0,468.0,-5.0,-1.06,550.0,468.0,519.0,46.0,9.73,589700.0,False,
2026-07-01,2026-07-02,3436,ＳＵＭＣＯ,東Ｐ,stop_high,4729.0,4449.0,-280.0,-5.92,4857.0,4389.0,4577.0,-152.0,-3.21,23403000.0,False,
2026-07-01,2026-07-02,4424,Ａｍａｚｉａ,東Ｇ,stop_high,235.0,225.0,-10.0,-4.26,252.0,223.0,246.0,11.0,4.68,423800.0,False,
2026-07-01,2026-07-02,589A,ネイス,東Ｇ,stop_high,2176.0,2276.0,100.0,4.6,2292.0,1676.0,1676.0,-500.0,-22.98,594000.0,False,
2026-07-01,2026-07-02,5942,フイルコン,東Ｓ,stop_high,715.0,665.0,-50.0,-6.99,678.0,647.0,648.0,-67.0,-9.37,621500.0,False,
2026-07-01,2026-07-02,5967,ＴＯＮＥ,東Ｓ,stop_high,496.0,456.0,-40.0,-8.06,486.0,439.0,480.0,-16.0,-3.23,203000.0,False,
2026-07-01,2026-07-02,6522,アスタリスク,東Ｇ,stop_high,1560.0,1600.0,40.0,2.56,1960.0,1581.0,1960.0,400.0,25.64,3872600.0,False,
2026-07-01,2026-07-02,6590,芝浦,東Ｐ,stop_high,5320.0,5110.0,-210.0,-3.95,5580.0,4955.0,5400.0,80.0,1.5,4659300.0,False,
2026-07-01,2026-07-02,6620,宮越ＨＤ,東Ｐ,stop_low,799.0,814.0,15.0,1.88,832.0,770.0,791.0,-8.0,-1.0,348000.0,False,
2026-07-01,2026-07-02,7041,ＣＲＧＨＤ,東Ｇ,stop_high,347.0,347.0,0.0,0.0,351.0,319.0,351.0,4.0,1.15,159800.0,False,
2026-07-01,2026-07-02,7140,ペットゴー,東Ｇ,stop_low,824.0,815.0,-9.0,-1.09,838.0,805.0,808.0,-16.0,-1.94,42400.0,False,
2026-07-01,2026-07-02,7352,ＴＷＯＳＴ,東Ｇ,stop_low,371.0,372.0,1.0,0.27,403.0,360.0,394.0,23.0,6.2,436800.0,False,
2026-07-01,2026-07-02,9256,サクシード,東Ｇ,stop_high,5340.0,5540.0,200.0,3.75,5540.0,4860.0,5000.0,-340.0,-6.37,169900.0,False,
2026-07-01,2026-07-02,9425,ＲｅＹｕｕ,東Ｓ,stop_high,215.0,200.0,-15.0,-6.98,220.0,192.0,210.0,-5.0,-2.33,1427600.0,False,
2026-06-30,2026-07-01,265A,Ｈｍｃｏｍｍ,東Ｇ,stop_high,696.0,796.0,100.0,14.37,796.0,796.0,796.0,100.0,14.37,27300,False,
2026-06-30,2026-07-01,4179,ジーネクスト,東Ｇ,stop_high,600.0,599.0,-1.0,-0.17,612.0,512.0,542.0,-58.0,-9.67,1543300,False,
2026-06-30,2026-07-01,4446,リンクユーＧ,東Ｐ,stop_high,860.0,890.0,30.0,3.49,980.0,840.0,840.0,-20.0,-2.33,936400,False,
2026-06-30,2026-07-01,546A,ミライニＨＤ,東Ｐ,stop_high,2242.0,2328.0,86.0,3.84,2650.0,2245.0,2334.0,92.0,4.1,6425300,False,
2026-06-30,2026-07-01,584A,ＬｉＮＫＸ,東Ｇ,stop_high,3775.0,5180.0,1405.0,37.22,6340.0,3125.0,3495.0,-280.0,-7.42,3375200,False,
2026-06-30,2026-07-01,589A,ネイス,東Ｇ,stop_high,1776.0,2176.0,400.0,22.52,2176.0,2176.0,2176.0,400.0,22.52,40600,False,
2026-06-30,2026-07-01,6166,中村超硬,東Ｇ,stop_high,766.0,790.0,24.0,3.13,849.0,685.0,699.0,-67.0,-8.75,2370600,False,引き続き芝浦工業大学とのレアアースイオン回収技術の
2026-06-30,2026-07-01,6327,北川精機,東Ｓ,stop_high,7900.0,8920.0,1020.0,12.91,9350.0,8070.0,8290.0,390.0,4.94,1165300,False,上値の節目を突破で値幅取り妙味
2026-06-30,2026-07-01,6522,アスタリスク,東Ｇ,stop_high,1330.0,1412.0,82.0,6.17,1630.0,1361.0,1560.0,230.0,17.29,7011100,False,
2026-06-30,2026-07-01,6977,抵抗器,東Ｓ,stop_high,1938.0,2004.0,66.0,3.41,2268.0,1692.0,1714.0,-224.0,-11.56,184600,False,
2026-06-30,2026-07-01,7140,ペットゴー,東Ｇ,stop_high,974.0,920.0,-54.0,-5.54,920.0,824.0,824.0,-150.0,-15.4,227400,False,
2026-06-30,2026-07-01,7815,東京ボード,東Ｓ,stop_high,386.0,536.0,150.0,38.86,705.0,467.0,491.0,105.0,27.2,939400,False,固定資産売却益の計上発表を引き続き材料視
2026-06-30,2026-07-01,9235,売れるＧ,東Ｇ,stop_high,536.0,512.0,-24.0,-4.48,521.0,506.0,508.0,-28.0,-5.22,167600,False,
2026-06-26,2026-06-29,3133,海帆,東Ｇ,stop_low,71.0,61.0,-10.0,-14.08,64.0,53.0,53.0,-18.0,-25.35,6593500,False,
2026-06-26,2026-06-29,3905,データセク,東Ｇ,stop_low,4180.0,4250.0,70.0,1.67,4275.0,3510.0,3595.0,-585.0,-14.0,3664600,False,
2026-06-26,2026-06-29,4107,伊勢化,東Ｓ,stop_high,4385.0,4435.0,50.0,1.14,5050.0,3960.0,4735.0,350.0,7.98,3928000,False,
2026-06-26,2026-06-29,4179,ジーネクスト,東Ｇ,stop_high,539.0,555.0,16.0,2.97,595.0,484.0,500.0,-39.0,-7.24,1613100,False,
2026-06-26,2026-06-29,4395,アクリート,東Ｇ,stop_high,787.0,932.0,145.0,18.42,932.0,932.0,932.0,145.0,18.42,10600,False,
2026-06-26,2026-06-29,584A,ＬｉＮＫＸ,東Ｇ,stop_high,2575.0,3075.0,500.0,19.42,3075.0,3075.0,3075.0,500.0,19.42,34100,False,
2026-06-26,2026-06-29,6620,宮越ＨＤ,東Ｐ,stop_high,860.0,875.0,15.0,1.74,1010.0,838.0,1010.0,150.0,17.44,1237500,False,
2026-06-26,2026-06-29,8746,ｕｎｂａｎｋ,東Ｓ,stop_low,146.0,124.0,-22.0,-15.07,124.0,102.0,105.0,-41.0,-28.08,1807200,False,
2026-06-26,2026-06-29,9256,サクシード,東Ｇ,stop_high,5410.0,5310.0,-100.0,-1.85,5550.0,4410.0,4410.0,-1000.0,-18.48,474700,False,
2026-06-19,2026-06-22,3260,エスポア,名Ｎ,stop_high,711.0,,,,,,,,,,True,
2026-06-19,2026-06-22,4179,ジーネクスト,東Ｇ,stop_low,505.0,487.0,-18.0,-3.56,538.0,461.0,482.0,-23.0,-4.55,1375400.0,False,17日高値後の手仕舞い売り継続
2026-06-19,2026-06-22,4531,有機薬,東Ｓ,stop_high,423.0,447.0,24.0,5.67,485.0,411.0,411.0,-12.0,-2.84,3348200.0,False,半導体材料銘柄として人気化
2026-06-19,2026-06-22,4840,トライアイズ,東Ｓ,stop_high,631.0,680.0,49.0,7.77,691.0,580.0,594.0,-37.0,-5.86,246800.0,False,過熱警戒感から利食い売り優勢
2026-06-19,2026-06-22,5801,古河電,東Ｐ,stop_high,53360.0,54500.0,1140.0,2.14,58790.0,54280.0,58000.0,4640.0,8.7,6108300.0,False,
2026-06-19,2026-06-22,5803,フジクラ,東Ｐ,stop_high,5161.0,6161.0,1000.0,19.38,6161.0,6161.0,6161.0,1000.0,19.38,2675400.0,False,
2026-06-19,2026-06-22,5817,ＪＭＡＣＳ,東Ｓ,stop_high,1049.0,1154.0,105.0,10.01,1330.0,1096.0,1261.0,212.0,20.21,2032700.0,False,大手電線株高の流れ受け短期資金流入
2026-06-19,2026-06-22,6217,津田駒,東Ｓ,stop_high,1113.0,1413.0,300.0,26.95,1413.0,1413.0,1413.0,300.0,26.95,49500.0,False,底値り完了感からリバウンド意識の動き
2026-06-19,2026-06-22,6228,ＪＥＴ,東Ｓ,stop_low,562.0,499.0,-63.0,-11.21,538.0,499.0,524.0,-38.0,-6.76,362600.0,False,
2026-06-19,2026-06-22,6327,北川精機,東Ｓ,stop_high,5190.0,5890.0,700.0,13.49,6190.0,5360.0,6190.0,1000.0,19.27,920600.0,False,さすがに買われ過ぎ
2026-06-19,2026-06-22,6327,北川精機,東Ｓ,stop_low,5190.0,5890.0,700.0,13.49,6190.0,5360.0,6190.0,1000.0,19.27,920600.0,False,さすがに買われ過ぎ
2026-06-19,2026-06-22,6522,アスタリスク,東Ｇ,stop_high,1009.0,954.0,-55.0,-5.45,1279.0,929.0,1161.0,152.0,15.06,6497200.0,False,18日ストップ高の買い人気が継続
2026-06-19,2026-06-22,6561,ハナツアーＪ,東Ｇ,stop_high,918.0,798.0,-120.0,-13.07,805.0,778.0,791.0,-127.0,-13.83,176800.0,False,
2026-06-19,2026-06-22,6620,宮越ＨＤ,東Ｐ,stop_high,702.0,703.0,1.0,0.14,705.0,670.0,679.0,-23.0,-3.28,299700.0,False,
2026-06-19,2026-06-22,9256,サクシード,東Ｇ,stop_high,2540.0,2640.0,100.0,3.94,3040.0,2600.0,3040.0,500.0,19.69,701900.0,False,
2026-06-10,2026-06-11,140A,ｉＦ米債先ベ,東Ｅ,stop_high,2001.0,1991.0,-10.0,-0.5,2006.0,1991.0,2006.0,5.0,0.25,491,False,
2026-06-10,2026-06-11,1436,グリーンエナ,東Ｇ,stop_low,1390.0,1270.0,-120.0,-8.63,1327.0,1236.0,1251.0,-139.0,-10.0,236800,False,
2026-06-10,2026-06-11,3559,ＰバンＣＯＭ,東Ｓ,stop_high,475.0,451.0,-24.0,-5.05,466.0,398.0,400.0,-75.0,-15.79,596900,False,
2026-06-10,2026-06-11,4174,アピリッツ,東Ｓ,stop_high,865.0,910.0,45.0,5.2,936.0,715.0,715.0,-150.0,-17.34,663700,False,
2026-06-10,2026-06-11,4179,ジーネクスト,東Ｇ,stop_high,340.0,348.0,8.0,2.35,420.0,346.0,420.0,80.0,23.53,1641500,False,
2026-06-10,2026-06-11,4378,ＣＩＮＣ,東Ｇ,stop_high,1010.0,999.0,-11.0,-1.09,1168.0,745.0,801.0,-209.0,-20.69,2029400,False,
2026-06-10,2026-06-11,4378,ＣＩＮＣ,東Ｇ,stop_low,1010.0,999.0,-11.0,-1.09,1168.0,745.0,801.0,-209.0,-20.69,2029400,False,
2026-06-10,2026-06-11,4446,リンクユーＧ,東Ｐ,stop_high,595.0,635.0,40.0,6.72,695.0,625.0,695.0,100.0,16.81,788200,False,
2026-06-10,2026-06-11,460A,ＢＲＡＮＵ,東Ｇ,stop_high,727.0,877.0,150.0,20.63,877.0,877.0,877.0,150.0,20.63,7200,False,
2026-06-10,2026-06-11,6031,ＺＥＴＡ,東Ｇ,stop_high,283.0,297.0,14.0,4.95,327.0,261.0,277.0,-6.0,-2.12,2795400,False,
2026-06-10,2026-06-11,6336,石井表記,東Ｓ,stop_high,1676.0,1565.0,-111.0,-6.62,1619.0,1473.0,1605.0,-71.0,-4.24,458000,False,
2026-06-10,2026-06-11,6779,日電波,東Ｐ,stop_low,4270.0,3920.0,-350.0,-8.2,4390.0,3900.0,4370.0,100.0,2.34,2970600,False,
2026-06-10,2026-06-11,7220,武蔵精密,東Ｐ,stop_low,5390.0,4850.0,-540.0,-10.02,5330.0,4750.0,5130.0,-260.0,-4.82,5106300,False,
2026-06-10,2026-06-11,7694,いつも,東Ｇ,stop_high,512.0,484.0,-28.0,-5.47,495.0,451.0,462.0,-50.0,-9.77,51700,False,
2026-06-10,2026-06-11,9417,スマバ,東Ｓ,stop_high,451.0,491.0,40.0,8.87,531.0,380.0,385.0,-66.0,-14.63,2163700,False,
2026-06-10,2026-06-11,9444,トーシンＨＤ,東Ｓ,stop_high,227.0,251.0,24.0,10.57,307.0,246.0,271.0,44.0,19.38,1156500,False,
2026-06-09,2026-06-10,2393,ケアサプライ,東Ｓ,stop_high,3725.0,3725.0,0.0,0.0,4280.0,3600.0,4065.0,340.0,9.13,449300,False,
2026-06-09,2026-06-10,4174,アピリッツ,東Ｓ,stop_high,715.0,865.0,150.0,20.98,865.0,865.0,865.0,150.0,20.98,17600,False,
2026-06-09,2026-06-10,4179,ジーネクスト,東Ｇ,stop_low,345.0,341.0,-4.0,-1.16,425.0,325.0,340.0,-5.0,-1.45,2513100,False,
2026-06-09,2026-06-10,4378,ＣＩＮＣ,東Ｇ,stop_high,1310.0,1280.0,-30.0,-2.29,1610.0,1010.0,1010.0,-300.0,-22.9,5052300,False,
2026-06-09,2026-06-10,4382,ＨＥＲＯＺ,東Ｓ,stop_high,807.0,810.0,3.0,0.37,815.0,752.0,763.0,-44.0,-5.45,106200,False,
2026-06-09,2026-06-10,4667,アイサンテク,東Ｓ,stop_high,1951.0,2061.0,110.0,5.64,2140.0,1841.0,1847.0,-104.0,-5.33,322300,False,
2026-06-09,2026-06-10,5031,モイ,東Ｇ,stop_high,486.0,454.0,-32.0,-6.58,475.0,437.0,462.0,-24.0,-4.94,475800,False,
2026-06-09,2026-06-10,504A,イノバセル,東Ｇ,stop_low,560.0,551.0,-9.0,-1.61,551.0,527.0,538.0,-22.0,-3.93,122900,False,
2026-06-09,2026-06-10,585A,ＮＶＩボトム,東Ｅ,stop_high,1271.0,1211.0,-60.0,-4.72,1211.0,1010.0,1026.0,-245.0,-19.28,10522,False,
2026-06-09,2026-06-10,6085,アーキテクツ,東Ｇ,stop_high,391.0,394.0,3.0,0.77,450.0,370.0,417.0,26.0,6.65,8186700,False,
2026-06-09,2026-06-10,6166,中村超硬,東Ｇ,stop_high,714.0,716.0,2.0,0.28,740.0,596.0,660.0,-54.0,-7.56,1788500,False,
2026-06-09,2026-06-10,6336,石井表記,東Ｓ,stop_high,1459.0,1679.0,220.0,15.08,1759.0,1610.0,1676.0,217.0,14.87,1568900,False,
2026-06-09,2026-06-10,6976,太陽誘電,東Ｐ,stop_high,17975.0,17840.0,-135.0,-0.75,18345.0,15305.0,15655.0,-2320.0,-12.91,35796800,False,
2026-06-09,2026-06-10,7681,レオクラン,東Ｓ,stop_high,936.0,899.0,-37.0,-3.95,956.0,888.0,915.0,-21.0,-2.24,28300,False,
2026-06-09,2026-06-10,7694,いつも,東Ｇ,stop_high,499.0,517.0,18.0,3.61,579.0,500.0,512.0,13.0,2.61,286400,False,
2026-06-09,2026-06-10,9417,スマバ,東Ｓ,stop_high,371.0,451.0,80.0,21.56,451.0,451.0,451.0,80.0,21.56,31000,False,
2026-06-05,2026-06-08,4179,ジーネクスト,東Ｇ,stop_high,478.0,414.0,-64.0,-13.39,461.0,398.0,425.0,-53.0,-11.09,1189300,False,
2026-06-05,2026-06-08,4378,ＣＩＮＣ,東Ｇ,stop_high,653.0,753.0,100.0,15.31,753.0,753.0,753.0,100.0,15.31,11800,False,
2026-06-05,2026-06-08,4422,ＶＮＸ,東Ｇ,stop_high,765.0,690.0,-75.0,-9.8,915.0,687.0,915.0,150.0,19.61,1285400,False,
2026-06-05,2026-06-08,6166,中村超硬,東Ｇ,stop_high,514.0,486.0,-28.0,-5.45,614.0,486.0,614.0,100.0,19.46,776900,False,
2026-06-05,2026-06-08,6227,ＡＩメカ,東Ｓ,stop_high,7440.0,6590.0,-850.0,-11.42,7440.0,6440.0,7060.0,-380.0,-5.11,2869100,False,
2026-06-05,2026-06-08,6955,ＦＤＫ,東Ｓ,stop_high,574.0,604.0,30.0,5.23,674.0,591.0,640.0,66.0,11.5,4575900,False,
2026-06-05,2026-06-08,6962,大真空,東Ｐ,stop_high,1127.0,1016.0,-111.0,-9.85,1126.0,995.0,1090.0,-37.0,-3.28,3739100,False,
2026-06-05,2026-06-08,7777,３ＤＭ,東Ｇ,stop_high,446.0,419.0,-27.0,-6.05,468.0,417.0,440.0,-6.0,-1.35,6486200,False,
2026-06-04,2026-06-05,2334,イオレ,東Ｇ,stop_high,638.0,618.0,-20.0,-3.13,677.0,603.0,661.0,23.0,3.61,7742800.0,False,
2026-06-04,2026-06-05,3260,エスポア,名Ｎ,stop_high,720.0,,,,,,,,,,True,
2026-06-04,2026-06-05,3787,テクノマセマ,東Ｓ,stop_low,258.0,257.0,-1.0,-0.39,272.0,254.0,263.0,5.0,1.94,59300.0,False,
2026-06-04,2026-06-05,4047,関電化,東Ｐ,stop_high,4405.0,4195.0,-210.0,-4.77,4400.0,3945.0,4095.0,-310.0,-7.04,2697600.0,False,
2026-06-04,2026-06-05,4179,ジーネクスト,東Ｇ,stop_high,398.0,478.0,80.0,20.1,478.0,448.0,478.0,80.0,20.1,749100.0,False,
2026-06-04,2026-06-05,4378,ＣＩＮＣ,東Ｇ,stop_high,553.0,653.0,100.0,18.08,653.0,653.0,653.0,100.0,18.08,21300.0,False,
2026-06-04,2026-06-05,4438,Ｗｅｌｂｙ,東Ｇ,stop_high,294.0,299.0,5.0,1.7,336.0,275.0,288.0,-6.0,-2.04,559900.0,False,
2026-06-04,2026-06-05,5572,リッジアイ,東Ｇ,stop_high,3335.0,3195.0,-140.0,-4.2,3585.0,3130.0,3350.0,15.0,0.45,349800.0,False,
2026-06-04,2026-06-05,6072,地盤ＨＤ,東Ｓ,stop_low,1474.0,1387.0,-87.0,-5.9,1560.0,1350.0,1551.0,77.0,5.22,3166600.0,False,
2026-06-04,2026-06-05,6327,北川精機,東Ｓ,stop_low,3840.0,3655.0,-185.0,-4.82,4090.0,3455.0,3980.0,140.0,3.65,646800.0,False,
2026-06-04,2026-06-05,6597,ＨＰＣシス,東Ｇ,stop_high,6980.0,6810.0,-170.0,-2.44,7500.0,6420.0,6620.0,-360.0,-5.16,720200.0,False,
2026-06-04,2026-06-05,6742,京三,東Ｐ,stop_high,900.0,900.0,0.0,0.0,963.0,894.0,951.0,51.0,5.67,1492100.0,False,
2026-06-04,2026-06-05,7220,武蔵精密,東Ｐ,stop_low,8810.0,8370.0,-440.0,-4.99,8580.0,7880.0,8190.0,-620.0,-7.04,2557600.0,False,
2026-06-04,2026-06-05,8105,ＢＴＣＪＰＮ,東Ｓ,stop_low,276.0,260.0,-16.0,-5.8,292.0,216.0,238.0,-38.0,-13.77,49066800.0,False,
2026-06-04,2026-06-05,8254,さいか屋,東Ｓ,stop_high,370.0,362.0,-8.0,-2.16,391.0,310.0,341.0,-29.0,-7.84,2767800.0,False,
2026-06-03,2026-06-04,3905,データセク,東Ｇ,stop_high,5060.0,5060.0,0.0,0.0,5690.0,4715.0,5690.0,630.0,12.45,10269200,False,オアシスマネジメントが大株主に浮上
2026-06-03,2026-06-04,3915,テラスカイ,東Ｐ,stop_high,3030.0,3000.0,-30.0,-0.99,3715.0,2998.0,3485.0,455.0,15.02,6951200,False,
2026-06-03,2026-06-04,4022,ラサ工,東Ｐ,stop_high,2653.0,2563.0,-90.0,-3.39,2810.0,2380.0,2472.0,-181.0,-6.82,6008000,False,
2026-06-03,2026-06-04,5031,モイ,東Ｇ,stop_high,547.0,537.0,-10.0,-1.83,554.0,481.0,481.0,-66.0,-12.07,836800,False,2日まで5日続落で押し目買い誘う
2026-06-03,2026-06-04,5572,リッジアイ,東Ｇ,stop_high,3390.0,3455.0,65.0,1.92,4090.0,3240.0,3335.0,-55.0,-1.62,1249900,False,SBIグループとAnthropicによるAIトランスフォーメーションを
2026-06-03,2026-06-04,6228,ＪＥＴ,東Ｓ,stop_high,738.0,820.0,82.0,11.11,870.0,736.0,770.0,32.0,4.34,705800,False,半導体株高につれ高
2026-06-03,2026-06-04,6656,インスペック,東Ｓ,stop_high,1301.0,1288.0,-13.0,-1.0,1588.0,1180.0,1223.0,-78.0,-6.0,2173400,False,
2026-06-03,2026-06-04,6779,日電波,東Ｐ,stop_high,4185.0,4115.0,-70.0,-1.67,4555.0,4085.0,4335.0,150.0,3.58,4145400,False,
2026-06-03,2026-06-04,6955,ＦＤＫ,東Ｓ,stop_high,503.0,489.0,-14.0,-2.78,549.0,481.0,494.0,-9.0,-1.79,1712300,False,
2026-06-03,2026-06-04,7220,武蔵精密,東Ｐ,stop_high,9740.0,8540.0,-1200.0,-12.32,9160.0,8240.0,8810.0,-930.0,-9.55,4071100,False,
2026-06-03,2026-06-04,8105,ＢＴＣＪＰＮ,東Ｓ,stop_high,356.0,355.0,-1.0,-0.28,369.0,276.0,276.0,-80.0,-22.47,55781000,False,スペースX関連として上値追い続く
2026-06-03,2026-06-04,8254,さいか屋,東Ｓ,stop_high,290.0,350.0,60.0,20.69,370.0,340.0,370.0,80.0,27.59,4799000,False,保有不動産の潜在価値顕在化などへの取り組みを公表
2026-06-03,2026-06-04,9331,キャスター,東Ｇ,stop_high,1149.0,1145.0,-4.0,-0.35,1146.0,881.0,946.0,-203.0,-17.67,99100,False,
2026-06-03,2026-06-04,9331,キャスター,東Ｇ,stop_low,1149.0,1145.0,-4.0,-0.35,1146.0,881.0,946.0,-203.0,-17.67,99100,False,
2026-06-02,2026-06-03,219A,ハートシード,東Ｇ,stop_high,1521.0,1510.0,-11.0,-0.72,1635.0,1455.0,1620.0,99.0,6.51,675100,False,他家iPS細胞由来心筋球の第1/2相治験解析結果を発表
2026-06-02,2026-06-03,265A,Ｈｍｃｏｍｍ,東Ｇ,stop_high,750.0,755.0,5.0,0.67,790.0,675.0,695.0,-55.0,-7.33,163700,False,AI・ビッグデータサービス事業を行うMILIZE社と業務委託基本契約
2026-06-02,2026-06-03,3624,アクセルＭ,東Ｇ,stop_high,102.0,103.0,1.0,0.98,104.0,77.0,81.0,-21.0,-20.59,12073400,False,
2026-06-02,2026-06-03,3905,データセク,東Ｇ,stop_low,4360.0,5060.0,700.0,16.06,5060.0,5000.0,5060.0,700.0,16.06,810000,False,
2026-06-02,2026-06-03,550A,ソフトテック,東Ｓ,stop_high,2821.0,3150.0,329.0,11.66,3250.0,2576.0,2730.0,-91.0,-3.23,139900,False,
2026-06-02,2026-06-03,5572,リッジアイ,東Ｇ,stop_high,2951.0,3455.0,504.0,17.08,3455.0,3140.0,3390.0,439.0,14.88,1091500,False,
2026-06-02,2026-06-03,6085,アーキテクツ,東Ｇ,stop_low,282.0,274.0,-8.0,-2.84,275.0,224.0,248.0,-34.0,-12.06,6303200,False,
2026-06-02,2026-06-03,6522,アスタリスク,東Ｇ,stop_low,796.0,799.0,3.0,0.38,849.0,776.0,812.0,16.0,2.01,392400,False,
2026-06-02,2026-06-03,6597,ＨＰＣシス,東Ｇ,stop_high,6100.0,6400.0,300.0,4.92,6860.0,5570.0,6130.0,30.0,0.49,983800,False,
2026-06-02,2026-06-03,6613,ＱＤレーザ,東Ｇ,stop_high,2740.0,2820.0,80.0,2.92,2835.0,2540.0,2600.0,-140.0,-5.11,5276300,False,
2026-06-02,2026-06-03,6656,インスペック,東Ｓ,stop_high,1038.0,1067.0,29.0,2.79,1338.0,1013.0,1301.0,263.0,25.34,1630000,False,
2026-06-02,2026-06-03,7220,武蔵精密,東Ｐ,stop_low,8240.0,8690.0,450.0,5.46,9740.0,8610.0,9740.0,1500.0,18.2,3525800,False,
2026-06-02,2026-06-03,7426,山大,東Ｓ,stop_high,600.0,650.0,50.0,8.33,685.0,610.0,611.0,11.0,1.83,93000,False,ナイスが完全子会社化目指してTOB
2026-06-01,2026-06-02,2162,ｎｍｓ,東Ｓ,stop_high,471.0,538.0,67.0,14.23,539.0,538.0,538.0,67.0,14.23,1644500,False,筆頭株主のワールドHDがTOBを実施
2026-06-01,2026-06-02,3624,アクセルＭ,東Ｇ,stop_high,88.0,93.0,5.0,5.68,118.0,92.0,102.0,14.0,15.91,20899800,False,
2026-06-01,2026-06-02,3905,データセク,東Ｇ,stop_low,5310.0,4805.0,-505.0,-9.51,4865.0,4310.0,4360.0,-950.0,-17.89,3431100,False,前週末まで2日連続ストップ高の反動安
2026-06-01,2026-06-02,3915,テラスカイ,東Ｐ,stop_high,2563.0,2394.0,-169.0,-6.59,2643.0,2289.0,2529.0,-34.0,-1.33,2266900,False,
2026-06-01,2026-06-02,4078,堺化学,東Ｐ,stop_high,5640.0,6340.0,700.0,12.41,6580.0,5990.0,6380.0,740.0,13.12,2758100,False,
2026-06-01,2026-06-02,4092,日本化,東Ｐ,stop_high,5570.0,5970.0,400.0,7.18,6360.0,5060.0,5400.0,-170.0,-3.05,2345600,False,
2026-06-01,2026-06-02,4166,かっこ,東Ｇ,stop_low,747.0,702.0,-45.0,-6.02,702.0,658.0,671.0,-76.0,-10.17,129100,False,AIシステムなど手掛けるAnycloudを子会社化で
2026-06-01,2026-06-02,5331,ノリタケ,東Ｐ,stop_high,4420.0,4350.0,-70.0,-1.58,4535.0,4040.0,4135.0,-285.0,-6.45,2083100,False,
2026-06-01,2026-06-02,5367,ニッカトー,東Ｓ,stop_high,1406.0,1297.0,-109.0,-7.75,1380.0,1235.0,1327.0,-79.0,-5.62,1824400,False,AI関連の穴株として人気化続く
2026-06-01,2026-06-02,550A,ソフトテック,東Ｓ,stop_high,2321.0,2321.0,0.0,0.0,2821.0,2241.0,2821.0,500.0,21.54,165800,False,
2026-06-01,2026-06-02,5616,雨風太陽,東Ｇ,stop_high,793.0,718.0,-75.0,-9.46,725.0,684.0,710.0,-83.0,-10.47,48600,False,
2026-06-01,2026-06-02,6245,ヒラノテク,東Ｓ,stop_high,2506.0,2500.0,-6.0,-0.24,2626.0,2300.0,2520.0,14.0,0.56,976000,False,MLCC製造設備メーカーとしてはやされる
2026-06-01,2026-06-02,6327,北川精機,東Ｓ,stop_high,4980.0,4660.0,-320.0,-6.43,5230.0,4385.0,4900.0,-80.0,-1.61,1239600,False,DC関連として値幅取りの動きが続く
2026-06-01,2026-06-02,6327,北川精機,東Ｓ,stop_low,4980.0,4660.0,-320.0,-6.43,5230.0,4385.0,4900.0,-80.0,-1.61,1239600,False,DC関連として値幅取りの動きが続く
2026-06-01,2026-06-02,6522,アスタリスク,東Ｇ,stop_high,945.0,900.0,-45.0,-4.76,903.0,795.0,796.0,-149.0,-15.77,1195400,False,
2026-06-01,2026-06-02,6656,インスペック,東Ｓ,stop_high,995.0,1145.0,150.0,15.08,1145.0,918.0,1038.0,43.0,4.32,1287700,False,半導体関連株高の中で取組妙味も
2026-06-01,2026-06-02,6779,日電波,東Ｐ,stop_high,3815.0,3745.0,-70.0,-1.83,3750.0,3310.0,3485.0,-330.0,-8.65,3127500,False,
2026-06-01,2026-06-02,6837,京写,東Ｓ,stop_high,377.0,400.0,23.0,6.1,410.0,348.0,388.0,11.0,2.92,1549500,False,電子部品セクターの低位材料株として
2026-05-29,2026-06-01,3063,Ｊグループ,東Ｇ,stop_high,969.0,971.0,2.0,0.21,1008.0,969.0,1004.0,35.0,3.61,225700,False,創業30周年記念配当・記念株主優待・株主優待制度の拡充を発表
2026-05-29,2026-06-01,3687,Ｆスターズ,東Ｐ,stop_high,2704.0,2670.0,-34.0,-1.26,2818.0,2415.0,2570.0,-134.0,-4.96,8156200,False,
2026-05-29,2026-06-01,3905,データセク,東Ｇ,stop_high,6140.0,5440.0,-700.0,-11.4,5860.0,5140.0,5310.0,-830.0,-13.52,6753600,False,28日ストップ高の買い人気継続
2026-05-29,2026-06-01,3907,シリコンスタ,東Ｓ,stop_low,1397.0,1337.0,-60.0,-4.29,1379.0,1241.0,1303.0,-94.0,-6.73,300900,False,買われ過ぎの反動続く
2026-05-29,2026-06-01,4069,ブルーミーム,東Ｇ,stop_high,1033.0,1153.0,120.0,11.62,1275.0,1050.0,1070.0,37.0,3.58,187600,False,
2026-05-29,2026-06-01,4078,堺化学,東Ｐ,stop_high,4940.0,5640.0,700.0,14.17,5640.0,5640.0,5640.0,700.0,14.17,191700,False,
2026-05-29,2026-06-01,4166,かっこ,東Ｇ,stop_high,897.0,867.0,-30.0,-3.34,867.0,747.0,747.0,-150.0,-16.72,316700,False,
2026-05-29,2026-06-01,4840,トライアイズ,東Ｓ,stop_high,978.0,963.0,-15.0,-1.53,1015.0,843.0,849.0,-129.0,-13.19,128100,False,
2026-05-29,2026-06-01,485A,ＰｏｗｅｒＸ,東Ｇ,stop_low,3855.0,3435.0,-420.0,-10.89,3790.0,3365.0,3465.0,-390.0,-10.12,3306100,False,
2026-05-29,2026-06-01,5367,ニッカトー,東Ｓ,stop_high,1449.0,1479.0,30.0,2.07,1749.0,1322.0,1406.0,-43.0,-2.97,6749100,False,AI関連の穴株として人気化続く
2026-05-29,2026-06-01,6327,北川精機,東Ｓ,stop_high,5910.0,5810.0,-100.0,-1.69,6910.0,4910.0,4980.0,-930.0,-15.74,1457600,False,
2026-05-29,2026-06-01,6597,ＨＰＣシス,東Ｇ,stop_high,5070.0,5400.0,330.0,6.51,5510.0,4830.0,5100.0,30.0,0.59,359600,False,
2026-05-29,2026-06-01,6635,大日光,東Ｓ,stop_low,816.0,805.0,-11.0,-1.35,814.0,767.0,787.0,-29.0,-3.55,310100,False,高値到達感で処分売り優勢
2026-05-29,2026-06-01,6926,ＯＫＡＹＡ,東Ｓ,stop_high,238.0,220.0,-18.0,-7.56,238.0,209.0,229.0,-9.0,-3.78,1001600,False,電子部品の出遅れとして急動意
2026-05-29,2026-06-01,6966,三井ハイテク,東Ｐ,stop_high,1022.0,1007.0,-15.0,-1.47,1008.0,907.0,930.0,-92.0,-9.0,6508200,False,
2026-05-29,2026-06-01,6977,抵抗器,東Ｓ,stop_high,1390.0,1450.0,60.0,4.32,1615.0,1215.0,1310.0,-80.0,-5.76,185100,False,
2026-05-29,2026-06-01,6981,村田製,東Ｐ,stop_high,9625.0,9475.0,-150.0,-1.56,11125.0,9171.0,10490.0,865.0,8.99,65355400,False,
2026-05-29,2026-06-01,6993,大黒屋,東Ｓ,stop_high,109.0,105.0,-4.0,-3.67,110.0,98.0,101.0,-8.0,-7.34,12460900,False,
2026-05-29,2026-06-01,7868,広済堂ＨＤ,東Ｐ,stop_low,593.0,603.0,10.0,1.69,644.0,574.0,628.0,35.0,5.9,5729700,False,
2026-05-28,2026-05-29,3558,ジェイドＧ,東Ｇ,stop_low,1686.0,1695.0,9.0,0.53,1726.0,1658.0,1664.0,-22.0,-1.3,347500,False,
2026-05-28,2026-05-29,3905,データセク,東Ｇ,stop_high,5140.0,5400.0,260.0,5.06,6140.0,5360.0,6140.0,1000.0,19.46,3273500,False,
2026-05-28,2026-05-29,4100,戸田工,東Ｓ,stop_high,2122.0,2199.0,77.0,3.63,2219.0,1948.0,2020.0,-102.0,-4.81,830100,False,
2026-05-28,2026-05-29,4166,かっこ,東Ｇ,stop_high,747.0,897.0,150.0,20.08,897.0,897.0,897.0,150.0,20.08,20900,False,
2026-05-28,2026-05-29,5031,モイ,東Ｇ,stop_low,630.0,660.0,30.0,4.76,670.0,534.0,549.0,-81.0,-12.86,3166300,False,
2026-05-28,2026-05-29,5367,ニッカトー,東Ｓ,stop_high,1149.0,1448.0,299.0,26.02,1449.0,1430.0,1449.0,300.0,26.11,484900,False,
2026-05-28,2026-05-29,6085,アーキテクツ,東Ｇ,stop_low,343.0,335.0,-8.0,-2.33,347.0,303.0,325.0,-18.0,-5.25,4206200,False,
2026-05-28,2026-05-29,6203,豊和工,東Ｓ,stop_high,1670.0,1950.0,280.0,16.77,2012.0,1704.0,1783.0,113.0,6.77,6707600,False,
2026-05-28,2026-05-29,6327,北川精機,東Ｓ,stop_high,5000.0,4995.0,-5.0,-0.1,6000.0,4615.0,5910.0,910.0,18.2,2346700,False,
2026-05-28,2026-05-29,6977,抵抗器,東Ｓ,stop_high,1327.0,1400.0,73.0,5.5,1627.0,1311.0,1390.0,63.0,4.75,572700,False,
2026-05-28,2026-05-29,7435,ナ・デックス,東Ｓ,stop_high,1100.0,1370.0,270.0,24.55,1390.0,1088.0,1160.0,60.0,5.45,835800,False,
2026-05-28,2026-05-29,7501,ティムコ,東Ｓ,stop_high,1640.0,1600.0,-40.0,-2.44,1830.0,1600.0,1830.0,190.0,11.59,23400,False,
2026-05-28,2026-05-29,7794,ＥＤＰ,東Ｇ,stop_high,1284.0,1225.0,-59.0,-4.6,1250.0,1120.0,1149.0,-135.0,-10.51,1514100,False,
2026-05-28,2026-05-29,8105,ＢＴＣＪＰＮ,東Ｓ,stop_high,151.0,201.0,50.0,33.11,201.0,201.0,201.0,50.0,33.11,469900,False,
2026-05-28,2026-05-29,9348,アイスペース,東Ｇ,stop_high,699.0,709.0,10.0,1.43,710.0,651.0,671.0,-28.0,-4.01,7145100,False,
2026-05-27,2026-05-28,1948,弘電社,東Ｓ,stop_high,10650.0,11460.0,810.0,7.61,11470.0,11460.0,11470.0,820.0,7.7,830200,False,
2026-05-27,2026-05-28,2586,フルッタ,東Ｇ,stop_high,110.0,102.0,-8.0,-7.27,119.0,97.0,106.0,-4.0,-3.64,13081000,False,
2026-05-27,2026-05-28,280A,ＴＭＨ,東Ｇ,stop_high,2498.0,2498.0,0.0,0.0,2719.0,2280.0,2501.0,3.0,0.12,374400,False,
2026-05-27,2026-05-28,3936,ＧＷ,東Ｇ,stop_high,177.0,170.0,-7.0,-3.95,178.0,164.0,170.0,-7.0,-3.95,2058000,False,
2026-05-27,2026-05-28,4366,ダイトーケミ,東Ｓ,stop_high,530.0,520.0,-10.0,-1.89,620.0,512.0,593.0,63.0,11.89,2585100,False,
2026-05-27,2026-05-28,4392,ＦＩＧ,東Ｐ,stop_high,2246.0,2064.0,-182.0,-8.1,2458.0,1880.0,2039.0,-207.0,-9.22,15066400,False,
2026-05-27,2026-05-28,4392,ＦＩＧ,東Ｐ,stop_low,2246.0,2064.0,-182.0,-8.1,2458.0,1880.0,2039.0,-207.0,-9.22,15066400,False,
2026-05-27,2026-05-28,467A,ＧＸＵ社債Ｈ,東Ｅ,stop_high,285.0,286.6,1.6,0.56,286.6,285.7,285.7,0.7,0.25,1720,False,
2026-05-27,2026-05-28,4885,室町ケミカル,東Ｓ,stop_high,1112.0,1066.0,-46.0,-4.14,1110.0,1021.0,1056.0,-56.0,-5.04,332200,False,
2026-05-27,2026-05-28,5031,モイ,東Ｇ,stop_low,780.0,640.0,-140.0,-17.95,655.0,630.0,630.0,-150.0,-19.23,1371300,False,
2026-05-27,2026-05-28,5337,ダントーＨＤ,東Ｓ,stop_low,740.0,740.0,0.0,0.0,785.0,707.0,716.0,-24.0,-3.24,29500,False,
2026-05-27,2026-05-28,573A,ｉＳ国債２０,東Ｅ,stop_high,505.4,505.4,0.0,0.0,506.6,503.9,503.9,-1.5,-0.3,27700,False,
2026-05-27,2026-05-28,6085,アーキテクツ,東Ｇ,stop_low,423.0,423.0,0.0,0.0,434.0,343.0,343.0,-80.0,-18.91,6103400,False,
2026-05-27,2026-05-28,6327,北川精機,東Ｓ,stop_high,4300.0,3850.0,-450.0,-10.47,5000.0,3675.0,5000.0,700.0,16.28,1309500,False,
2026-05-27,2026-05-28,6464,ツバキナカ,東Ｐ,stop_high,414.0,400.0,-14.0,-3.38,411.0,381.0,404.0,-10.0,-2.42,2183500,False,
2026-05-27,2026-05-28,6597,ＨＰＣシス,東Ｇ,stop_high,4900.0,4935.0,35.0,0.71,5190.0,4620.0,4940.0,40.0,0.82,869500,False,
2026-05-27,2026-05-28,6613,ＱＤレーザ,東Ｇ,stop_low,2620.0,2420.0,-200.0,-7.63,2820.0,2400.0,2732.0,112.0,4.27,10123800,False,
2026-05-27,2026-05-28,6635,大日光,東Ｓ,stop_high,1012.0,1102.0,90.0,8.89,1193.0,914.0,966.0,-46.0,-4.55,2803700,False,
2026-05-27,2026-05-28,6853,共和電,東Ｓ,stop_high,888.0,868.0,-20.0,-2.25,893.0,851.0,872.0,-16.0,-1.8,192700,False,
2026-05-27,2026-05-28,9227,マイクロ波,東Ｇ,stop_high,1209.0,1149.0,-60.0,-4.96,1268.0,1087.0,1120.0,-89.0,-7.36,1982000,False,
2026-05-26,2026-05-27,1948,弘電社,東Ｓ,stop_high,9150.0,10650.0,1500.0,16.39,10650.0,10650.0,10650.0,1500.0,16.39,24600,False,きんでんが完全子会社化へTOB
2026-05-26,2026-05-27,198A,ポスプラ,東Ｇ,stop_high,205.0,240.0,35.0,17.07,241.0,166.0,166.0,-39.0,-19.02,3675700,False,
2026-05-26,2026-05-27,2338,クオンタムＳ,東Ｓ,stop_high,206.0,206.0,0.0,0.0,230.0,163.0,165.0,-41.0,-19.9,8465000,False,AIインフラストラクチャ事業の推進決定を引き続き材料視
2026-05-26,2026-05-27,2693,ＹＫＴ,東Ｓ,stop_high,520.0,518.0,-2.0,-0.38,548.0,430.0,487.0,-33.0,-6.35,2706200,False,
2026-05-26,2026-05-27,280A,ＴＭＨ,東Ｇ,stop_high,2799.0,2749.0,-50.0,-1.79,3300.0,2400.0,2498.0,-301.0,-10.75,1163700,False,
2026-05-26,2026-05-27,3803,イメージ情報,東Ｇ,stop_high,626.0,621.0,-5.0,-0.8,622.0,570.0,613.0,-13.0,-2.08,58400,False,75日線を回復し先高期待高まる
2026-05-26,2026-05-27,3810,ＣＳＨＤ,東Ｓ,stop_low,228.0,212.0,-16.0,-7.02,214.0,185.0,201.0,-27.0,-11.84,8397600,False,株安が狼狽売り誘う形にも
2026-05-26,2026-05-27,3979,うるる,東Ｇ,stop_high,422.0,414.0,-8.0,-1.9,430.0,366.0,400.0,-22.0,-5.21,317400,False,
2026-05-26,2026-05-27,3997,Ｔワークス,東Ｓ,stop_high,429.0,449.0,20.0,4.66,461.0,386.0,434.0,5.0,1.17,1894500,False,
2026-05-26,2026-05-27,5031,モイ,東Ｇ,stop_high,930.0,810.0,-120.0,-12.9,850.0,780.0,780.0,-150.0,-16.13,2108000,False,
2026-05-26,2026-05-27,5367,ニッカトー,東Ｓ,stop_high,1026.0,1099.0,73.0,7.12,1126.0,970.0,999.0,-27.0,-2.63,1600000,False,MLCC関連として物色
2026-05-26,2026-05-27,6104,芝浦機,東Ｐ,stop_low,4215.0,4110.0,-105.0,-2.49,4260.0,4025.0,4065.0,-150.0,-3.56,461500,False,
2026-05-26,2026-05-27,6347,プラコー,東Ｓ,stop_high,345.0,361.0,16.0,4.64,384.0,278.0,283.0,-62.0,-17.97,1149200,False,定款の一部変更を受けて成長期待
2026-05-26,2026-05-27,6464,ツバキナカ,東Ｐ,stop_high,419.0,483.0,64.0,15.27,499.0,401.0,414.0,-5.0,-1.19,9580200,False,
2026-05-26,2026-05-27,6635,大日光,東Ｓ,stop_high,862.0,920.0,58.0,6.73,1012.0,916.0,1012.0,150.0,17.4,656800,False,宇宙関連として25日から人気化
2026-05-26,2026-05-27,7567,栄電子,東Ｓ,stop_high,625.0,606.0,-19.0,-3.04,606.0,546.0,546.0,-79.0,-12.64,332200,False,半導体関連の出遅れとして短期資金の関心向かう
2026-05-25,2026-05-26,186A,アストロＨＤ,東Ｇ,stop_high,2696.0,2720.0,24.0,0.89,2825.0,2416.0,2800.0,104.0,3.86,29076700,False,前週末ストップ高の買い人気継続
2026-05-25,2026-05-26,2338,クオンタムＳ,東Ｓ,stop_high,156.0,206.0,50.0,32.05,206.0,206.0,206.0,50.0,32.05,427000,False,AIインフラストラクチャ事業の推進を決定
2026-05-25,2026-05-26,2693,ＹＫＴ,東Ｓ,stop_high,447.0,463.0,16.0,3.58,527.0,427.0,520.0,73.0,16.33,4139000,False,直近高値更新で上値追いに勢い
2026-05-25,2026-05-26,280A,ＴＭＨ,東Ｇ,stop_high,2320.0,2520.0,200.0,8.62,2820.0,2341.0,2799.0,479.0,20.65,998400,False,
2026-05-25,2026-05-26,376A,野村米債７５,東Ｅ,stop_high,4935.0,4931.0,-4.0,-0.08,4936.0,4931.0,4936.0,1.0,0.02,45304,False,
2026-05-25,2026-05-26,3905,データセク,東Ｇ,stop_low,4490.0,4420.0,-70.0,-1.56,4820.0,4285.0,4720.0,230.0,5.12,5811800,False,
2026-05-25,2026-05-26,3907,シリコンスタ,東Ｓ,stop_high,1570.0,1650.0,80.0,5.1,1950.0,1420.0,1935.0,365.0,23.25,1953100,False,フィジカルAI事業への期待感が続く
2026-05-25,2026-05-26,4078,堺化学,東Ｐ,stop_high,4080.0,4055.0,-25.0,-0.61,4275.0,3925.0,4230.0,150.0,3.68,724600,False,
2026-05-25,2026-05-26,4092,日本化,東Ｐ,stop_high,4605.0,4635.0,30.0,0.65,5150.0,4610.0,5110.0,505.0,10.97,1503600,False,
2026-05-25,2026-05-26,4098,チタン,東Ｓ,stop_high,1161.0,1162.0,1.0,0.09,1287.0,1101.0,1264.0,103.0,8.87,336300,False,
2026-05-25,2026-05-26,4100,戸田工,東Ｓ,stop_high,1751.0,1810.0,59.0,3.37,1934.0,1756.0,1922.0,171.0,9.77,473000,False,
2026-05-25,2026-05-26,4392,ＦＩＧ,東Ｐ,stop_high,2185.0,2410.0,225.0,10.3,2684.0,2113.0,2571.0,386.0,17.67,22645100,False,
2026-05-25,2026-05-26,4588,オンコリス,東Ｇ,stop_high,3300.0,3400.0,100.0,3.03,3695.0,3155.0,3505.0,205.0,6.21,3759200,False,
2026-05-25,2026-05-26,5031,モイ,東Ｇ,stop_high,780.0,930.0,150.0,19.23,930.0,930.0,930.0,150.0,19.23,556600,False,前週末までの買い人気継続
2026-05-25,2026-05-26,5367,ニッカトー,東Ｓ,stop_high,909.0,954.0,45.0,4.95,1059.0,943.0,1026.0,117.0,12.87,1742600,False,
2026-05-25,2026-05-26,5803,フジクラ,東Ｐ,stop_high,5550.0,5650.0,100.0,1.8,5653.0,5068.0,5329.0,-221.0,-3.98,93052900,False,
2026-05-22,2026-05-25,186A,アストロＨＤ,東Ｇ,stop_high,2352.0,2639.0,287.0,12.2,2852.0,2612.0,2696.0,344.0,14.63,32097300,False,
2026-05-22,2026-05-25,2693,ＹＫＴ,東Ｓ,stop_high,387.0,401.0,14.0,3.62,467.0,369.0,447.0,60.0,15.5,2815300,False,
2026-05-22,2026-05-25,280A,ＴＭＨ,東Ｇ,stop_high,1920.0,2050.0,130.0,6.77,2320.0,2000.0,2320.0,400.0,20.83,385300,False,
2026-05-22,2026-05-25,3103,ユニチカ,東Ｓ,stop_high,1574.0,1850.0,276.0,17.53,1858.0,1500.0,1575.0,1.0,0.06,15160400,False,特に材料なくリバウンドによる値幅取り期待
2026-05-22,2026-05-25,3687,Ｆスターズ,東Ｐ,stop_high,1970.0,2130.0,160.0,8.12,2190.0,1883.0,1920.0,-50.0,-2.54,7999400,False,
2026-05-22,2026-05-25,3905,データセク,東Ｇ,stop_high,4800.0,4800.0,0.0,0.0,5000.0,4100.0,4490.0,-310.0,-6.46,10639300,False,
2026-05-22,2026-05-25,4588,オンコリス,東Ｇ,stop_high,2797.0,3000.0,203.0,7.26,3300.0,2960.0,3300.0,503.0,17.98,1042000,False,
2026-05-22,2026-05-25,5337,ダントーＨＤ,東Ｓ,stop_high,797.0,787.0,-10.0,-1.25,874.0,787.0,874.0,77.0,9.66,92500,False,
2026-05-22,2026-05-25,6327,北川精機,東Ｓ,stop_high,2914.0,2964.0,50.0,1.72,3415.0,2920.0,3415.0,501.0,17.19,867700,False,AI関連株上昇が刺激
2026-05-22,2026-05-25,6597,ＨＰＣシス,東Ｇ,stop_high,3370.0,3720.0,350.0,10.39,4045.0,3705.0,3820.0,450.0,13.35,536000,False,
2026-05-22,2026-05-25,6613,ＱＤレーザ,東Ｇ,stop_high,3100.0,3500.0,400.0,12.9,3620.0,3130.0,3190.0,90.0,2.9,10945800,False,
2026-05-22,2026-05-25,6659,メディアＬ,東Ｓ,stop_high,66.0,79.0,13.0,19.7,96.0,75.0,96.0,30.0,45.45,41475300,False,
2026-05-22,2026-05-25,6666,リバーエレク,東Ｓ,stop_high,1138.0,1251.0,113.0,9.93,1435.0,1189.0,1434.0,296.0,26.01,1573000,False,
2026-05-22,2026-05-25,6840,ＡＫＩＢＡ,東Ｓ,stop_high,1105.0,1278.0,173.0,15.66,1405.0,1260.0,1405.0,300.0,27.15,1981800,False,米メモリー関連株上昇で
2026-05-22,2026-05-25,6997,日ケミコン,東Ｐ,stop_high,3365.0,3600.0,235.0,6.98,4065.0,3595.0,4065.0,700.0,20.8,1168700,False,
2026-05-20,2026-05-21,3089,Ｔアルファ,東Ｓ,stop_high,1146.0,1354.0,208.0,18.15,1446.0,1215.0,1289.0,143.0,12.48,889700,False,
2026-05-20,2026-05-21,4208,ＵＢＥ,東Ｐ,stop_high,2890.5,2940.5,50.0,1.73,3067.0,2900.0,3046.0,155.5,5.38,4846200,False,
2026-05-20,2026-05-21,4263,サスメド,東Ｇ,stop_low,768.0,755.0,-13.0,-1.69,755.0,657.0,662.0,-106.0,-13.8,506700,False,
2026-05-20,2026-05-21,4436,ミンカブ,東Ｇ,stop_high,526.0,555.0,29.0,5.51,564.0,484.0,488.0,-38.0,-7.22,948400,False,
2026-05-20,2026-05-21,4588,オンコリス,東Ｇ,stop_low,2041.0,2141.0,100.0,4.9,2330.0,2110.0,2297.0,256.0,12.54,1629700,False,
2026-05-20,2026-05-21,5031,モイ,東Ｇ,stop_high,357.0,437.0,80.0,22.41,437.0,437.0,437.0,80.0,22.41,44400,False,
2026-05-20,2026-05-21,5852,アーレスティ,東Ｐ,stop_low,711.0,702.0,-9.0,-1.27,707.0,653.0,667.0,-44.0,-6.19,1091800,False,
2026-05-20,2026-05-21,6579,ログリー,東Ｇ,stop_low,352.0,353.0,1.0,0.28,367.0,318.0,367.0,15.0,4.26,294500,False,
2026-05-20,2026-05-21,6634,ＪＮグループ,東Ｓ,stop_high,92.0,82.0,-10.0,-10.87,83.0,70.0,73.0,-19.0,-20.65,2419300,False,
2026-05-20,2026-05-21,7946,光陽社,名Ｍ,stop_high,435.0,435.0,0.0,0.0,435.0,379.0,381.0,-54.0,-12.41,50500,False,
2026-05-20,2026-05-21,9244,デジタリフト,東Ｇ,stop_high,1137.0,1107.0,-30.0,-2.64,1125.0,1035.0,1078.0,-59.0,-5.19,27000,False,
2026-05-20,2026-05-21,9941,太洋物産,東Ｓ,stop_high,1015.0,986.0,-29.0,-2.86,1067.0,975.0,1046.0,31.0,3.05,134200,False,
2026-05-18,2026-05-19,142A,ジンジブ,東Ｇ,stop_high,950.0,897.0,-53.0,-5.58,900.0,800.0,822.0,-128.0,-13.47,233400.0,False,
2026-05-18,2026-05-19,2158,フロンテオ,東Ｇ,stop_low,639.0,640.0,1.0,0.16,649.0,604.0,609.0,-30.0,-4.69,1162900.0,False,
2026-05-18,2026-05-19,241A,ＲＯＸＸ,東Ｇ,stop_high,507.0,481.0,-26.0,-5.13,535.0,470.0,522.0,15.0,2.96,94200.0,False,
2026-05-18,2026-05-19,2467,ＶＬＣセキュ,名Ｎ,stop_high,220.0,,,,,,,,,,True,
2026-05-18,2026-05-19,2585,Ｌドリンク,東Ｐ,stop_high,1511.0,1591.0,80.0,5.29,1674.0,1565.0,1601.0,90.0,5.96,2595300.0,False,今期ガイダンスは市場予想上回り安心感先行
2026-05-18,2026-05-19,285A,キオクシア,東Ｐ,stop_high,51450.0,52010.0,560.0,1.09,52590.0,48000.0,49770.0,-1680.0,-3.27,50094200.0,False,単価上昇効果により想定以上の好決算に
2026-05-18,2026-05-19,291A,リスキル,東Ｇ,stop_low,1790.0,1847.0,57.0,3.18,1847.0,1790.0,1791.0,1.0,0.06,35100.0,False,
2026-05-18,2026-05-19,2998,クリアル,東Ｇ,stop_low,586.0,566.0,-20.0,-3.41,567.0,523.0,538.0,-48.0,-8.19,1103400.0,False,
2026-05-18,2026-05-19,319A,技術承継機構,東Ｇ,stop_high,16280.0,17010.0,730.0,4.48,19600.0,17010.0,17430.0,1150.0,7.06,185800.0,False,第1四半期営業利益は前年同期比3.1倍
2026-05-18,2026-05-19,3489,フェイスＮＷ,東Ｓ,stop_high,755.0,770.0,15.0,1.99,773.0,718.0,741.0,-14.0,-1.85,227100.0,False,
2026-05-18,2026-05-19,3640,電算,東Ｓ,stop_low,2453.0,2359.0,-94.0,-3.83,2408.0,2312.0,2355.0,-98.0,-4.0,76700.0,False,
2026-05-18,2026-05-19,3769,ＧＭＯ－ＰＧ,東Ｐ,stop_high,8774.0,8474.0,-300.0,-3.42,9005.0,8474.0,8915.0,141.0,1.61,1069000.0,False,想定を上回る好決算受けて見直しの動きが強まる
2026-05-18,2026-05-19,377A,ＡＩＧＨＤ,名Ｍ,stop_high,1055.0,,,,,,,,,,True,
2026-05-18,2026-05-19,3905,データセク,東Ｇ,stop_high,2843.0,3345.0,502.0,17.66,3345.0,3345.0,3345.0,502.0,17.66,1262000.0,False,営業利益は前期黒字化・今期7.0倍予想
2026-05-18,2026-05-19,3976,シャノン,東Ｇ,stop_high,432.0,440.0,8.0,1.85,441.0,417.0,426.0,-6.0,-1.39,47000.0,False,
2026-05-18,2026-05-19,4047,関電化,東Ｐ,stop_high,2550.0,2750.0,200.0,7.84,2940.0,2668.0,2770.0,220.0,8.63,3289100.0,False,大幅増益や増配計画を材料視
2026-05-18,2026-05-19,4125,三和油化工業,東Ｓ,stop_low,3135.0,3065.0,-70.0,-2.23,3065.0,2775.0,2828.0,-307.0,-9.79,275600.0,False,
2026-05-18,2026-05-19,4240,クラスター,東Ｓ,stop_low,339.0,331.0,-8.0,-2.36,339.0,322.0,328.0,-11.0,-3.24,74100.0,False,
2026-05-18,2026-05-19,4392,ＦＩＧ,東Ｐ,stop_high,1060.0,1360.0,300.0,28.3,1360.0,1360.0,1360.0,300.0,28.3,216000.0,False,第1四半期大幅増益決算を引き続き評価
2026-05-18,2026-05-19,4420,イーソル,東Ｓ,stop_high,707.0,704.0,-3.0,-0.42,770.0,697.0,732.0,25.0,3.54,261100.0,False,
2026-05-18,2026-05-19,4492,ゼネテック,東Ｓ,stop_low,387.0,386.0,-1.0,-0.26,386.0,366.0,375.0,-12.0,-3.1,101500.0,False,
2026-05-18,2026-05-19,4547,キッセイ,東Ｐ,stop_low,3605.0,3580.0,-25.0,-0.69,3765.0,3500.0,3750.0,145.0,4.02,720300.0,False,「タブネオス」投与後に国内死亡患者20人と発表
2026-05-18,2026-05-19,485A,ＰｏｗｅｒＸ,東Ｇ,stop_high,14990.0,14980.0,-10.0,-0.07,16280.0,14180.0,14860.0,-130.0,-0.87,2322600.0,False,
2026-05-18,2026-05-19,5870,ナルネット,東Ｇ,stop_low,822.0,813.0,-9.0,-1.09,834.0,783.0,788.0,-34.0,-4.14,102100.0,False,
2026-05-18,2026-05-19,6166,中村超硬,東Ｇ,stop_low,471.0,463.0,-8.0,-1.7,548.0,456.0,490.0,19.0,4.03,2265000.0,False,
2026-05-18,2026-05-19,6580,ライトアップ,東Ｇ,stop_low,898.0,906.0,8.0,0.89,1023.0,886.0,980.0,82.0,9.13,457100.0,False,
2026-05-18,2026-05-19,9906,藤井産業,東Ｓ,stop_low,4235.0,4245.0,10.0,0.24,4245.0,3880.0,3880.0,-355.0,-8.38,22800.0,False,
2026-05-15,2026-05-18,141A,トライアル,東Ｇ,stop_low,3570.0,3505.0,-65.0,-1.82,3505.0,2887.0,2911.0,-659.0,-18.46,6921200,False,
2026-05-15,2026-05-18,155A,情報戦略テク,東Ｇ,stop_high,889.0,904.0,15.0,1.69,913.0,867.0,880.0,-9.0,-1.01,344400,False,
2026-05-15,2026-05-18,177A,コージンＢ,東Ｇ,stop_low,1278.0,1158.0,-120.0,-9.39,1196.0,991.0,1190.0,-88.0,-6.89,100100,False,
2026-05-15,2026-05-18,291A,リスキル,東Ｇ,stop_low,2290.0,1790.0,-500.0,-21.83,1835.0,1790.0,1790.0,-500.0,-21.83,133400,False,
2026-05-15,2026-05-18,3103,ユニチカ,東Ｓ,stop_low,1415.0,1325.0,-90.0,-6.36,1630.0,1315.0,1315.0,-100.0,-7.07,23615800,False,
2026-05-15,2026-05-18,330A,タレントＸ,東Ｇ,stop_low,529.0,520.0,-9.0,-1.7,530.0,479.0,496.0,-33.0,-6.24,172000,False,
2026-05-15,2026-05-18,336A,ダイナマップ,東Ｇ,stop_high,747.0,777.0,30.0,4.02,825.0,770.0,820.0,73.0,9.77,577000,False,
2026-05-15,2026-05-18,366A,ウェルネス,東Ｇ,stop_high,1077.0,1076.0,-1.0,-0.09,1120.0,1050.0,1067.0,-10.0,-0.93,191900,False,
2026-05-15,2026-05-18,4040,南海化学,東Ｓ,stop_high,3790.0,3720.0,-70.0,-1.85,4045.0,3700.0,3995.0,205.0,5.41,55100,False,
2026-05-15,2026-05-18,4113,田岡化,東Ｓ,stop_low,843.0,828.0,-15.0,-1.78,840.0,766.0,777.0,-66.0,-7.83,270900,False,
2026-05-15,2026-05-18,4222,児玉化,東Ｓ,stop_low,894.0,909.0,15.0,1.68,924.0,851.0,859.0,-35.0,-3.91,977600,False,
2026-05-15,2026-05-18,4229,群栄化,東Ｐ,stop_low,4945.0,4950.0,5.0,0.1,4950.0,4705.0,4710.0,-235.0,-4.75,51800,False,
2026-05-15,2026-05-18,4255,ＴＨＥＣＯＯ,東Ｇ,stop_high,2226.0,2225.0,-1.0,-0.04,2593.0,2200.0,2457.0,231.0,10.38,41200,False,
2026-05-15,2026-05-18,4288,アズジェント,東Ｓ,stop_low,555.0,545.0,-10.0,-1.8,549.0,532.0,538.0,-17.0,-3.06,77800,False,
2026-05-15,2026-05-18,4320,ＣＥＨＤ,東Ｓ,stop_high,1499.0,1515.0,16.0,1.07,1699.0,1515.0,1699.0,200.0,13.34,461700,False,
2026-05-15,2026-05-18,4351,山田債権,東Ｓ,stop_high,1340.0,1220.0,-120.0,-8.96,1500.0,1056.0,1080.0,-260.0,-19.4,320400,False,
2026-05-15,2026-05-18,4392,ＦＩＧ,東Ｐ,stop_high,910.0,1060.0,150.0,16.48,1060.0,1060.0,1060.0,150.0,16.48,155200,False,
2026-05-15,2026-05-18,4425,Ｋｕｄａｎ,東Ｇ,stop_low,2404.0,2254.0,-150.0,-6.24,2283.0,2061.0,2173.0,-231.0,-9.61,701700,False,
2026-05-15,2026-05-18,4820,ＥＭシステム,東Ｐ,stop_low,544.0,540.0,-4.0,-0.74,554.0,526.0,546.0,2.0,0.37,407100,False,
2026-05-15,2026-05-18,4980,デクセリ,東Ｐ,stop_high,3849.0,4100.0,251.0,6.52,4486.0,4056.0,4187.0,338.0,8.78,12340900,False,
2026-05-15,2026-05-18,5027,エニマインド,東Ｇ,stop_high,482.0,526.0,44.0,9.13,547.0,495.0,505.0,23.0,4.77,1565900,False,
2026-05-15,2026-05-18,5029,サークレイス,東Ｇ,stop_high,742.0,802.0,60.0,8.09,841.0,758.0,825.0,83.0,11.19,70700,False,
2026-05-15,2026-05-18,5034,ウネリー,東Ｇ,stop_high,2633.0,2534.0,-99.0,-3.76,2615.0,2486.0,2533.0,-100.0,-3.8,82500,False,
2026-05-15,2026-05-18,5125,ファインズ,東Ｇ,stop_low,514.0,504.0,-10.0,-1.95,510.0,468.0,474.0,-40.0,-7.78,87400,False,
2026-05-15,2026-05-18,5644,メタルアート,東Ｓ,stop_high,6480.0,7480.0,1000.0,15.43,7480.0,7480.0,7480.0,1000.0,15.43,2800,False,
2026-05-15,2026-05-18,5892,ユトリ,東Ｇ,stop_high,2384.0,2599.0,215.0,9.02,2640.0,2447.0,2583.0,199.0,8.35,260400,False,
2026-05-15,2026-05-18,6013,タクマ,東Ｐ,stop_high,3255.0,3260.0,5.0,0.15,3345.0,3230.0,3330.0,75.0,2.3,517100,False,
2026-05-15,2026-05-18,6166,中村超硬,東Ｇ,stop_low,571.0,471.0,-100.0,-17.51,471.0,471.0,471.0,-100.0,-17.51,34500,False,
2026-05-15,2026-05-18,6994,指月電,東Ｓ,stop_low,1008.0,1010.0,2.0,0.2,1040.0,962.0,994.0,-14.0,-1.39,622800,False,
2026-05-15,2026-05-18,7694,いつも,東Ｇ,stop_low,584.0,580.0,-4.0,-0.68,582.0,541.0,563.0,-21.0,-3.6,21000,False,
2026-05-14,2026-05-15,1799,第一建設,東Ｓ,stop_low,3300.0,3305.0,5.0,0.15,3395.0,3300.0,3340.0,40.0,1.21,54600,False,
2026-05-14,2026-05-15,1909,日本ドライ,東Ｓ,stop_high,3725.0,3735.0,10.0,0.27,3760.0,3730.0,3735.0,10.0,0.27,2685000,False,ALSOKのTOB価格3730円にサヤ寄せ
2026-05-14,2026-05-15,247A,Ａｉロボ,東Ｇ,stop_low,1072.0,850.0,-222.0,-20.71,975.0,850.0,900.0,-172.0,-16.04,12015800,False,
2026-05-14,2026-05-15,2901,Ｗディッシュ,東Ｓ,stop_high,212.0,212.0,0.0,0.0,213.0,188.0,190.0,-22.0,-10.38,1073400,False,遅延していた半期報告書を提出
2026-05-14,2026-05-15,2980,ＳＲＥＨＤ,東Ｐ,stop_low,3225.0,2895.0,-330.0,-10.23,2950.0,2681.0,2706.0,-519.0,-16.09,2429800,False,
2026-05-14,2026-05-15,3103,ユニチカ,東Ｓ,stop_low,1815.0,1415.0,-400.0,-22.04,1415.0,1415.0,1415.0,-400.0,-22.04,635700,False,
2026-05-14,2026-05-15,3205,ダイドー,東Ｓ,stop_high,762.0,721.0,-41.0,-5.38,759.0,719.0,746.0,-16.0,-2.1,549100,False,今期は大幅増益見通しで
2026-05-14,2026-05-15,332A,ミーク,東Ｇ,stop_low,1189.0,1175.0,-14.0,-1.18,1185.0,1109.0,1140.0,-49.0,-4.12,607300,False,
2026-05-14,2026-05-15,3422,Ｊ－ＭＡＸ,東Ｓ,stop_high,500.0,494.0,-6.0,-1.2,499.0,451.0,460.0,-40.0,-8.0,179800,False,前期上振れ着地で今期も大幅増益見通し
2026-05-14,2026-05-15,3449,テクノフレ,東Ｓ,stop_high,6000.0,6100.0,100.0,1.67,6290.0,5660.0,5740.0,-260.0,-4.33,300600,False,第1四半期の大幅経常増益決算で
2026-05-14,2026-05-15,3634,ソケッツ,東Ｓ,stop_low,642.0,638.0,-4.0,-0.62,666.0,596.0,608.0,-34.0,-5.3,143200,False,
2026-05-14,2026-05-15,3907,シリコンスタ,東Ｓ,stop_high,870.0,810.0,-60.0,-6.9,985.0,763.0,952.0,82.0,9.43,1333100,False,フィジカルAI事業本格始動を引き続き材料視
2026-05-14,2026-05-15,4069,ブルーミーム,東Ｇ,stop_low,900.0,901.0,1.0,0.11,936.0,866.0,881.0,-19.0,-2.11,26400,False,
2026-05-14,2026-05-15,421A,ムービン,東Ｇ,stop_high,2563.0,2613.0,50.0,1.95,2617.0,2382.0,2424.0,-139.0,-5.42,153500,False,26年12月期業績予想を上方修正
2026-05-14,2026-05-15,4241,アテクト,東Ｓ,stop_low,740.0,725.0,-15.0,-2.03,745.0,681.0,692.0,-48.0,-6.49,199600,False,
2026-05-14,2026-05-15,4246,ＤＮＣ,東Ｐ,stop_high,1046.0,1046.0,0.0,0.0,1088.0,1044.0,1069.0,23.0,2.2,1669100,False,
2026-05-14,2026-05-15,4415,ブロードＥ,東Ｇ,stop_high,1435.0,1300.0,-135.0,-9.41,1416.0,1263.0,1379.0,-56.0,-3.9,91900,False,第1四半期営業利益が前年同期比3.2倍
2026-05-14,2026-05-15,4888,ステラファ,東Ｇ,stop_low,411.0,419.0,8.0,1.95,445.0,405.0,413.0,2.0,0.49,860100,False,営業損益が前期7.48億円の赤字・今期6.96億円の赤字予想
2026-05-14,2026-05-15,4889,レナ,東Ｇ,stop_high,1721.0,1701.0,-20.0,-1.16,1985.0,1631.0,1905.0,184.0,10.69,2719600,False,引き続きPAI-1阻害薬の第2相医師主導治験開始が手掛かり
2026-05-14,2026-05-15,4980,デクセリ,東Ｐ,stop_high,3149.0,3849.0,700.0,22.23,3849.0,3849.0,3849.0,700.0,22.23,1252400,False,
2026-05-14,2026-05-15,5463,丸一管,東Ｐ,stop_high,1793.0,1873.0,80.0,4.46,1939.0,1848.5,1922.5,129.5,7.22,2739700,False,
2026-05-14,2026-05-15,5599,Ｓ＆Ｊ,東Ｇ,stop_low,1092.0,1080.0,-12.0,-1.1,1083.0,1045.0,1066.0,-26.0,-2.38,79700,False,
2026-05-14,2026-05-15,5757,ＣＫサンエツ,東Ｐ,stop_high,4930.0,4790.0,-140.0,-2.84,4790.0,4515.0,4595.0,-335.0,-6.8,32800,False,
2026-05-14,2026-05-15,5803,フジクラ,東Ｐ,stop_low,6355.0,6418.0,63.0,0.99,6999.0,5725.0,5819.0,-536.0,-8.43,128904500,False,
2026-05-14,2026-05-15,6278,ユニオンツル,東Ｐ,stop_high,22360.0,22360.0,0.0,0.0,22650.0,19760.0,20160.0,-2200.0,-9.84,909800,False,
2026-05-14,2026-05-15,6339,新東工,東Ｐ,stop_high,1142.0,1142.0,0.0,0.0,1223.0,1124.0,1201.0,59.0,5.17,620300,False,
2026-05-14,2026-05-15,6551,ツナグＧＨＤ,東Ｓ,stop_low,564.0,541.0,-23.0,-4.08,541.0,525.0,534.0,-30.0,-5.32,184700,False,
2026-05-14,2026-05-15,7162,アストマクス,東Ｓ,stop_low,299.0,315.0,16.0,5.35,378.0,315.0,330.0,31.0,10.37,3698100,False,
2026-05-14,2026-05-15,7745,Ａ＆Ｄホロン,東Ｐ,stop_low,2468.0,2469.0,1.0,0.04,2634.0,2450.0,2545.0,77.0,3.12,502700,False,今期経常減益見通しをマイナス視
2026-05-14,2026-05-15,9914,植松商会,東Ｓ,stop_low,780.0,720.0,-60.0,-7.69,753.0,720.0,730.0,-50.0,-6.41,13200,False,
2026-05-13,2026-05-14,2371,カカクコム,東Ｐ,stop_high,3425.0,3300.0,-125.0,-3.65,3480.0,3271.0,3400.0,-25.0,-0.73,7197300.0,False,EQTによるTOB価格を上回る推移に
2026-05-13,2026-05-14,2483,翻訳センター,東Ｓ,stop_high,2193.0,2200.0,7.0,0.32,2208.0,2000.0,2074.0,-119.0,-5.43,157300.0,False,
2026-05-13,2026-05-14,2533,オエノンＨＤ,東Ｐ,stop_high,502.0,485.0,-17.0,-3.39,490.0,467.0,478.0,-24.0,-4.78,629400.0,False,第1四半期大幅営業増益決算や自社株買いで
2026-05-13,2026-05-14,3260,エスポア,名Ｎ,stop_low,795.0,,,,,,,,,,True,
2026-05-13,2026-05-14,3436,ＳＵＭＣＯ,東Ｐ,stop_low,3505.0,3506.0,1.0,0.03,3859.0,3337.0,3427.0,-78.0,-2.23,17349500.0,False,
2026-05-13,2026-05-14,3628,データＨＲ,東Ｇ,stop_high,600.0,670.0,70.0,11.67,679.0,600.0,638.0,38.0,6.33,434400.0,False,
2026-05-13,2026-05-14,3744,サイオス,東Ｓ,stop_high,570.0,563.0,-7.0,-1.23,563.0,523.0,533.0,-37.0,-6.49,145500.0,False,
2026-05-13,2026-05-14,3907,シリコンスタ,東Ｓ,stop_high,720.0,870.0,150.0,20.83,870.0,860.0,870.0,150.0,20.83,201300.0,False,
2026-05-13,2026-05-14,3936,ＧＷ,東Ｇ,stop_high,206.0,211.0,5.0,2.43,214.0,192.0,200.0,-6.0,-2.91,10752400.0,False,
2026-05-13,2026-05-14,3948,光ビジネス,東Ｓ,stop_high,1090.0,1270.0,180.0,16.51,1270.0,1150.0,1259.0,169.0,15.5,60300.0,False,
2026-05-13,2026-05-14,3968,セグエＧ,東Ｐ,stop_high,640.0,610.0,-30.0,-4.69,612.0,551.0,552.0,-88.0,-13.75,3208600.0,False,
2026-05-13,2026-05-14,4263,サスメド,東Ｇ,stop_high,989.0,1034.0,45.0,4.55,1068.0,1006.0,1015.0,26.0,2.63,621000.0,False,
2026-05-13,2026-05-14,4263,サスメド,東Ｇ,stop_low,989.0,1034.0,45.0,4.55,1068.0,1006.0,1015.0,26.0,2.63,621000.0,False,
2026-05-13,2026-05-14,4272,日化薬,東Ｐ,stop_high,2180.5,2150.0,-30.5,-1.4,2165.5,2083.5,2094.0,-86.5,-3.97,1237800.0,False,連続増益見通しや高水準の自社株買いを評価
2026-05-13,2026-05-14,4316,ビーマップ,東Ｇ,stop_high,227.0,265.0,38.0,16.74,283.0,198.0,200.0,-27.0,-11.89,1633600.0,False,
2026-05-13,2026-05-14,4392,ＦＩＧ,東Ｐ,stop_low,735.0,769.0,34.0,4.63,880.0,742.0,760.0,25.0,3.4,20723200.0,False,
2026-05-13,2026-05-14,4889,レナ,東Ｇ,stop_high,1421.0,1551.0,130.0,9.15,1721.0,1545.0,1721.0,300.0,21.11,917400.0,False,
2026-05-13,2026-05-14,5344,ＭＡＲＵＷＡ,東Ｐ,stop_high,77410.0,78910.0,1500.0,1.94,85650.0,78000.0,79210.0,1800.0,2.33,354900.0,False,決算説明会が開催のもようで
2026-05-13,2026-05-14,6262,ペガサス,東Ｓ,stop_low,865.0,850.0,-15.0,-1.73,852.0,760.0,774.0,-91.0,-10.52,248300.0,False,
2026-05-13,2026-05-14,6337,テセック,東Ｓ,stop_low,2630.0,2603.0,-27.0,-1.03,2747.0,2567.0,2653.0,23.0,0.87,119700.0,False,
2026-05-13,2026-05-14,6570,共和コーポ,東Ｓ,stop_high,1539.0,1619.0,80.0,5.2,1731.0,1588.0,1603.0,64.0,4.16,62200.0,False,
2026-05-13,2026-05-14,6594,ニデック,東Ｐ,stop_low,2435.0,2450.0,15.0,0.62,2731.0,2447.0,2687.0,252.0,10.35,18041000.0,False,品質不正の疑い1000件超などと伝わる
2026-05-13,2026-05-14,6862,ミナトＨＤ,東Ｓ,stop_low,2930.0,2880.0,-50.0,-1.71,3330.0,2853.0,2975.0,45.0,1.54,2008500.0,False,
2026-05-13,2026-05-14,7220,武蔵精密,東Ｐ,stop_low,6210.0,6110.0,-100.0,-1.61,6600.0,5500.0,5780.0,-430.0,-6.92,3814300.0,False,
2026-05-13,2026-05-14,8783,ａｂｃ,東Ｓ,stop_low,135.0,133.0,-2.0,-1.48,134.0,128.0,130.0,-5.0,-3.7,1112100.0,False,
2026-05-13,2026-05-14,9904,ベリテ,東Ｓ,stop_low,314.0,258.0,-56.0,-17.83,270.0,257.0,261.0,-53.0,-16.88,660700.0,False,
2026-05-12,2026-05-13,189A,ＤＭカンパニ,東Ｇ,stop_high,961.0,946.0,-15.0,-1.56,980.0,930.0,970.0,9.0,0.94,82200,False,株主優待制度を導入
2026-05-12,2026-05-13,1994,高橋ウォール,東Ｓ,stop_high,665.0,595.0,-70.0,-10.53,618.0,591.0,601.0,-64.0,-9.62,81900,False,
2026-05-12,2026-05-13,2693,ＹＫＴ,東Ｓ,stop_high,355.0,347.0,-8.0,-2.25,347.0,300.0,316.0,-39.0,-10.99,572400,False,
2026-05-12,2026-05-13,278A,テラドローン,東Ｇ,stop_low,12400.0,10000.0,-2400.0,-19.35,12270.0,9420.0,11470.0,-930.0,-7.5,4134500,False,防衛装備庁からのモジュール型UAV（ドローン）受注で
2026-05-12,2026-05-13,3628,データＨＲ,東Ｇ,stop_high,500.0,540.0,40.0,8.0,600.0,540.0,600.0,100.0,20.0,219900,False,
2026-05-12,2026-05-13,3744,サイオス,東Ｓ,stop_high,533.0,633.0,100.0,18.76,633.0,533.0,570.0,37.0,6.94,952200,False,第1四半期大幅増益決算がインパクトに
2026-05-12,2026-05-13,3810,ＣＳＨＤ,東Ｓ,stop_high,375.0,347.0,-28.0,-7.47,370.0,329.0,345.0,-30.0,-8.0,6654800,False,短期資金の値幅取りに材料なく上昇
2026-05-12,2026-05-13,3810,ＣＳＨＤ,東Ｓ,stop_low,375.0,347.0,-28.0,-7.47,370.0,329.0,345.0,-30.0,-8.0,6654800,False,短期資金の値幅取りに材料なく上昇
2026-05-12,2026-05-13,4316,ビーマップ,東Ｇ,stop_high,177.0,187.0,10.0,5.65,227.0,187.0,227.0,50.0,28.25,1990400,False,
2026-05-12,2026-05-13,4368,扶桑化学,東Ｐ,stop_high,3990.0,4170.0,180.0,4.51,4480.0,4145.0,4410.0,420.0,10.53,2541600,False,
2026-05-12,2026-05-13,4422,ＶＮＸ,東Ｇ,stop_high,1082.0,1040.0,-42.0,-3.88,1064.0,935.0,937.0,-145.0,-13.4,578400,False,
2026-05-12,2026-05-13,485A,ＰｏｗｅｒＸ,東Ｇ,stop_low,13080.0,11580.0,-1500.0,-11.47,13260.0,11120.0,13200.0,120.0,0.92,2313300,False,
2026-05-12,2026-05-13,5727,邦チタ,東Ｐ,stop_low,3335.0,3100.0,-235.0,-7.05,3315.0,3010.0,3260.0,-75.0,-2.25,884100,False,
2026-05-12,2026-05-13,5801,古河電,東Ｐ,stop_high,50430.0,51180.0,750.0,1.49,58990.0,51050.0,58130.0,7700.0,15.27,12098100,False,
2026-05-12,2026-05-13,5821,平河ヒューテ,東Ｐ,stop_low,3865.0,3810.0,-55.0,-1.42,3840.0,3665.0,3745.0,-120.0,-3.1,231600,False,
2026-05-12,2026-05-13,5991,ニッパツ,東Ｐ,stop_high,3445.0,3476.0,31.0,0.9,3688.0,3461.0,3593.0,148.0,4.3,3601800,False,
2026-05-12,2026-05-13,6232,ＡＣＳＬ,東Ｇ,stop_high,3165.0,2930.0,-235.0,-7.42,3225.0,2808.0,3010.0,-155.0,-4.9,3926300,False,
2026-05-12,2026-05-13,6315,ＴＯＷＡ,東Ｐ,stop_low,2675.0,2651.0,-24.0,-0.9,2760.0,2581.0,2688.0,13.0,0.49,7431900,False,
2026-05-12,2026-05-13,6440,ＪＵＫＩ,東Ｐ,stop_low,718.0,658.0,-60.0,-8.36,675.0,617.0,622.0,-96.0,-13.37,1499000,False,
2026-05-12,2026-05-13,6480,トムソン,東Ｐ,stop_high,1930.0,1884.0,-46.0,-2.38,1995.0,1777.0,1920.0,-10.0,-0.52,4702500,False,
2026-05-12,2026-05-13,6658,シライ電子,東Ｓ,stop_low,555.0,495.0,-60.0,-10.81,523.0,495.0,510.0,-45.0,-8.11,739900,False,
2026-05-12,2026-05-13,6840,ＡＫＩＢＡ,東Ｓ,stop_high,837.0,754.0,-83.0,-9.92,814.0,740.0,792.0,-45.0,-5.38,921200,False,前期経常利益の上方修正を引き続き材料視
2026-05-12,2026-05-13,7162,アストマクス,東Ｓ,stop_low,337.0,337.0,0.0,0.0,399.0,317.0,379.0,42.0,12.46,6373900,False,天井到達感で手仕舞い売り優勢
2026-05-12,2026-05-13,7261,マツダ,東Ｐ,stop_high,1034.5,1027.5,-7.0,-0.68,1096.5,1011.0,1080.0,45.5,4.4,15461200,False,
2026-05-12,2026-05-13,9444,トーシンＨＤ,東Ｓ,stop_low,167.0,182.0,15.0,8.98,217.0,182.0,217.0,50.0,29.94,423500,False,会社更生手続き開始の申し立てを引き続き警戒材料視
2026-05-11,2026-05-12,1436,グリーンエナ,東Ｇ,stop_high,1788.0,2105.0,317.0,17.73,2120.0,1583.0,1648.0,-140.0,-7.83,806700,False,引き続き26年4月期業績見込みの上方修正が手掛かり
2026-05-11,2026-05-12,2326,デジアーツ,東Ｐ,stop_low,4240.0,4100.0,-140.0,-3.3,4155.0,3955.0,4020.0,-220.0,-5.19,620400,False,
2026-05-11,2026-05-12,2693,ＹＫＴ,東Ｓ,stop_high,330.0,402.0,72.0,21.82,410.0,333.0,355.0,25.0,7.58,3272300,False,第1四半期営業益は通期計画を超過
2026-05-11,2026-05-12,278A,テラドローン,東Ｇ,stop_high,16400.0,19600.0,3200.0,19.51,19610.0,12400.0,12400.0,-4000.0,-24.39,1320900,False,防衛装備庁よりモジュール型UAV（ドローン）約1.15億円を受注
2026-05-11,2026-05-12,3097,物語コーポ,東Ｐ,stop_high,4905.0,4975.0,70.0,1.43,4990.0,4700.0,4725.0,-180.0,-3.67,541100,False,
2026-05-11,2026-05-12,3653,モルフォ,東Ｇ,stop_high,770.0,772.0,2.0,0.26,850.0,725.0,726.0,-44.0,-5.71,213900,False,
2026-05-11,2026-05-12,3810,ＣＳＨＤ,東Ｓ,stop_high,371.0,435.0,64.0,17.25,451.0,291.0,375.0,4.0,1.08,21520700,False,先週末急伸に追随買い
2026-05-11,2026-05-12,4186,東応化,東Ｐ,stop_high,11190.0,12925.0,1735.0,15.5,12925.0,11275.0,11395.0,205.0,1.83,2652900,False,
2026-05-11,2026-05-12,4392,ＦＩＧ,東Ｐ,stop_high,509.0,859.0,350.0,68.76,874.0,727.0,870.0,361.0,70.92,28146000,False,
2026-05-11,2026-05-12,4483,ＪＭＤＣ,東Ｐ,stop_low,2665.0,2618.0,-47.0,-1.76,2619.0,2369.0,2454.0,-211.0,-7.92,4047300,False,
2026-05-11,2026-05-12,556A,犬猫生活,東Ｇ,stop_high,4105.0,4300.0,195.0,4.75,4300.0,3780.0,4235.0,130.0,3.17,229500,False,
2026-05-11,2026-05-12,5597,ブルーイノベ,東Ｇ,stop_high,2618.0,2990.0,372.0,14.21,3045.0,2119.0,2159.0,-459.0,-17.53,1470600,False,
2026-05-11,2026-05-12,6217,津田駒,東Ｓ,stop_high,2235.0,2285.0,50.0,2.24,2659.0,1942.0,2029.0,-206.0,-9.22,1093800,False,先週末のロボット関連株上昇が刺激か
2026-05-11,2026-05-12,6232,ＡＣＳＬ,東Ｇ,stop_high,3430.0,4130.0,700.0,20.41,4130.0,2906.0,3165.0,-265.0,-7.73,8017800,False,
2026-05-11,2026-05-12,6366,千代建,東Ｓ,stop_low,843.0,828.0,-15.0,-1.78,833.0,746.0,794.0,-49.0,-5.81,23452600,False,
2026-05-11,2026-05-12,6480,トムソン,東Ｐ,stop_high,1530.0,1930.0,400.0,26.14,1930.0,1850.0,1930.0,400.0,26.14,4300500,False,
2026-05-11,2026-05-12,6557,ＡＩＡＩ,東Ｇ,stop_low,778.0,778.0,0.0,0.0,778.0,735.0,742.0,-36.0,-4.63,172100,False,営業利益が前期50.7％増に対し今期8.5％増予想と発表
2026-05-11,2026-05-12,6840,ＡＫＩＢＡ,東Ｓ,stop_high,757.0,907.0,150.0,19.82,907.0,833.0,837.0,80.0,10.57,2583400,False,前期経常利益の上方修正を材料視
2026-05-11,2026-05-12,6877,ＯＢＡＲＡＧ,東Ｓ,stop_high,6680.0,6780.0,100.0,1.5,6800.0,6400.0,6450.0,-230.0,-3.44,131900,False,
2026-05-11,2026-05-12,9425,ＲｅＹｕｕ,東Ｓ,stop_low,353.0,331.0,-22.0,-6.23,343.0,286.0,286.0,-67.0,-18.98,1805000,False,先週末に急騰の反動で利食い売り
2026-05-11,2026-05-12,9444,トーシンＨＤ,東Ｓ,stop_low,247.0,167.0,-80.0,-32.39,167.0,167.0,167.0,-80.0,-32.39,199800,False,会社更生手続き開始を申し立て上場維持図る方針とするが
2026-05-08,2026-05-11,1436,グリーンエナ,東Ｇ,stop_high,1488.0,1638.0,150.0,10.08,1788.0,1610.0,1788.0,300.0,20.16,476400,False,26年4月期業績見込みを上方修正
2026-05-08,2026-05-11,1768,ソネック,東Ｓ,stop_low,1083.0,1083.0,0.0,0.0,1104.0,1083.0,1094.0,11.0,1.02,99600,False,
2026-05-08,2026-05-11,2326,デジアーツ,東Ｐ,stop_low,4940.0,4310.0,-630.0,-12.75,4315.0,4240.0,4240.0,-700.0,-14.17,1083200,False,
2026-05-08,2026-05-11,3810,ＣＳＨＤ,東Ｓ,stop_high,291.0,320.0,29.0,9.97,371.0,308.0,371.0,80.0,27.49,19092400,False,
2026-05-08,2026-05-11,3905,データセク,東Ｇ,stop_high,2089.0,2060.0,-29.0,-1.39,2550.0,1946.0,2360.0,271.0,12.97,10237600,False,75日線を上抜け先高期待高まる
2026-05-08,2026-05-11,3914,ＪＩＧＳＡＷ,東Ｇ,stop_high,2899.0,2998.0,99.0,3.41,3280.0,2990.0,3080.0,181.0,6.24,177700,False,第1四半期営業利益64.2％増
2026-05-08,2026-05-11,4025,多木化,東Ｐ,stop_high,5180.0,5270.0,90.0,1.74,5420.0,5020.0,5020.0,-160.0,-3.09,62200,False,
2026-05-08,2026-05-11,4055,Ｔ＆Ｓ・Ｇ,東Ｇ,stop_high,2200.0,2550.0,350.0,15.91,2662.0,2317.0,2567.0,367.0,16.68,1777500,False,
2026-05-08,2026-05-11,4392,ＦＩＧ,東Ｐ,stop_high,429.0,509.0,80.0,18.65,509.0,509.0,509.0,80.0,18.65,182900,False,
2026-05-08,2026-05-11,4516,日本新薬,東Ｐ,stop_low,4093.0,4001.0,-92.0,-2.25,4083.0,3913.0,4065.0,-28.0,-0.68,609800,False,米カプリコアが提訴と伝わる
2026-05-08,2026-05-11,485A,ＰｏｗｅｒＸ,東Ｇ,stop_high,14090.0,14220.0,130.0,0.92,16730.0,13800.0,14960.0,870.0,6.17,5217300,False,
2026-05-08,2026-05-11,6232,ＡＣＳＬ,東Ｇ,stop_high,2927.0,3400.0,473.0,16.16,3430.0,3260.0,3430.0,503.0,17.18,767100,False,
2026-05-08,2026-05-11,7162,アストマクス,東Ｓ,stop_high,458.0,495.0,37.0,8.08,519.0,386.0,417.0,-41.0,-8.95,9485400,False,前期の最終黒字転換などをポジティブ視続く
2026-05-08,2026-05-11,7220,武蔵精密,東Ｐ,stop_high,5420.0,6320.0,900.0,16.61,6320.0,5100.0,5160.0,-260.0,-4.8,2760300,False,
2026-05-08,2026-05-11,7256,河西工,東Ｓ,stop_high,434.0,514.0,80.0,18.43,514.0,485.0,514.0,80.0,18.43,5364900,False,
2026-05-08,2026-05-11,8005,スクロール,東Ｐ,stop_high,1597.0,1757.0,160.0,10.02,1805.0,1705.0,1705.0,108.0,6.76,1515500,False,
2026-05-08,2026-05-11,9235,売れるＧ,東Ｇ,stop_high,752.0,805.0,53.0,7.05,893.0,728.0,797.0,45.0,5.98,3983000,False,
2026-05-08,2026-05-11,9425,ＲｅＹｕｕ,東Ｓ,stop_high,433.0,401.0,-32.0,-7.39,404.0,353.0,353.0,-80.0,-18.48,2905500,False,スーパーマイクロと業務提携に関する覚書締結
2026-05-07,2026-05-08,2033,コスピブル,東EN,stop_high,95500.0,94000.0,-1500.0,-1.57,102100.0,93020.0,101200.0,5700.0,5.97,3531,False,
2026-05-07,2026-05-08,285A,キオクシア,東Ｐ,stop_high,43410.0,43350.0,-60.0,-0.14,45550.0,41900.0,44490.0,1080.0,2.49,41407500,False,米サンディスクが連休中に大幅上昇
2026-05-07,2026-05-08,2962,テクニスコ,東Ｓ,stop_high,1083.0,1130.0,47.0,4.34,1181.0,1060.0,1113.0,30.0,2.77,529200,False,
2026-05-07,2026-05-08,3436,ＳＵＭＣＯ,東Ｐ,stop_high,3033.0,3050.0,17.0,0.56,3688.0,2985.0,3578.0,545.0,17.97,40373500,False,メモリー関連株上昇の流れに乗る
2026-05-07,2026-05-08,3634,ソケッツ,東Ｓ,stop_high,880.0,865.0,-15.0,-1.7,865.0,783.0,793.0,-87.0,-9.89,275400,False,
2026-05-07,2026-05-08,4062,イビデン,東Ｐ,stop_high,16375.0,15575.0,-800.0,-4.89,15605.0,14820.0,15515.0,-860.0,-5.25,10684700,False,アップルがプロセッサー製造でインテル採用検討と伝わり
2026-05-07,2026-05-08,4565,ネクセラ,東Ｐ,stop_high,1102.0,1192.0,90.0,8.17,1235.0,1160.0,1167.0,65.0,5.9,4168400,False,マイルストン収入拡大で第1四半期大幅営業増益に
2026-05-07,2026-05-08,4840,トライアイズ,東Ｓ,stop_high,915.0,889.0,-26.0,-2.84,897.0,836.0,868.0,-47.0,-5.14,175100,False,
2026-05-07,2026-05-08,4971,メック,東Ｐ,stop_high,10420.0,10420.0,0.0,0.0,10570.0,10040.0,10360.0,-60.0,-0.58,430700,False,AI関連の一角として上値追い
2026-05-07,2026-05-08,5706,三井金属,東Ｐ,stop_high,48060.0,48000.0,-60.0,-0.12,50000.0,47320.0,50000.0,1940.0,4.04,2582600,False,AI・半導体関連株高の流れで
2026-05-07,2026-05-08,6085,アーキテクツ,東Ｇ,stop_high,615.0,645.0,30.0,4.88,647.0,550.0,570.0,-45.0,-7.32,7590600,False,
2026-05-07,2026-05-08,6173,アクアライン,東Ｇ,stop_low,49.0,35.0,-14.0,-28.57,46.0,35.0,38.0,-11.0,-22.45,4790700,False,
2026-05-07,2026-05-08,6228,ＪＥＴ,東Ｓ,stop_high,701.0,681.0,-20.0,-2.85,701.0,673.0,701.0,0.0,0.0,66700,False,
2026-05-07,2026-05-08,6327,北川精機,東Ｓ,stop_high,3380.0,3250.0,-130.0,-3.85,3620.0,3080.0,3610.0,230.0,6.8,853700,False,
2026-05-07,2026-05-08,6387,サムコ,東Ｐ,stop_high,14370.0,13770.0,-600.0,-4.18,13920.0,12880.0,13410.0,-960.0,-6.68,274200,False,半導体関連として上値追い
2026-05-07,2026-05-08,6656,インスペック,東Ｓ,stop_high,781.0,775.0,-6.0,-0.77,839.0,753.0,808.0,27.0,3.46,500600,False,
2026-05-01,2026-05-07,2345,ホドルワン,東Ｓ,stop_low,186.0,190.0,4.0,2.15,216.0,187.0,208.0,22.0,11.83,1503100,False,新株予約権の募集を発表
2026-05-01,2026-05-07,278A,テラドローン,東Ｇ,stop_high,10770.0,12570.0,1800.0,16.71,13660.0,11100.0,12850.0,2080.0,19.31,2877500,False,ウクライナ企業と資本業務提携し
2026-05-01,2026-05-07,3634,ソケッツ,東Ｓ,stop_high,951.0,1101.0,150.0,15.77,1101.0,875.0,880.0,-71.0,-7.47,933700,False,
2026-05-01,2026-05-07,4088,エアウォータ,東Ｐ,stop_low,1895.5,1890.0,-5.5,-0.29,1968.5,1856.5,1913.5,18.0,0.95,7184000,False,
2026-05-01,2026-05-07,4772,ＳＭＥＪ,東Ｇ,stop_high,120.0,119.0,-1.0,-0.83,124.0,101.0,103.0,-17.0,-14.17,5188500,False,
2026-05-01,2026-05-07,5250,ＧＭＯプラ,東Ｓ,stop_high,1355.0,1384.0,29.0,2.14,1384.0,1140.0,1140.0,-215.0,-15.87,36500,False,
2026-05-01,2026-05-07,5332,ＴＯＴＯ,東Ｐ,stop_high,6425.0,6713.0,288.0,4.48,7011.0,6614.0,6740.0,315.0,4.9,4349000,False,
2026-05-01,2026-05-07,6085,アーキテクツ,東Ｇ,stop_low,515.0,540.0,25.0,4.85,615.0,536.0,615.0,100.0,19.42,11750600,False,30日に高値をつけたが長い上ひげ・陰線となり手仕舞い売り誘う
2026-05-01,2026-05-07,6173,アクアライン,東Ｇ,stop_low,79.0,49.0,-30.0,-37.97,49.0,49.0,49.0,-30.0,-37.97,74900,False,
2026-05-01,2026-05-07,6870,フェンオール,東Ｓ,stop_high,2596.0,2578.0,-18.0,-0.69,2700.0,2503.0,2576.0,-20.0,-0.77,50200,False,
2026-05-01,2026-05-07,6961,エンプラス,東Ｐ,stop_low,13110.0,13710.0,600.0,4.58,14000.0,12500.0,13280.0,170.0,1.3,969200,False,
2026-05-01,2026-05-07,7162,アストマクス,東Ｓ,stop_high,298.0,378.0,80.0,26.85,378.0,378.0,378.0,80.0,26.85,111400,False,前期の最終黒字転換などをポジティブ視
2026-05-01,2026-05-07,7717,Ｖテク,東Ｐ,stop_low,4130.0,4175.0,45.0,1.09,4730.0,4130.0,4675.0,545.0,13.2,412600,False,
2026-05-01,2026-05-07,8053,住友商,東Ｐ,stop_high,6840.0,6840.0,0.0,0.0,7556.0,6808.0,7400.0,560.0,8.19,19773700,False,
2026-05-01,2026-05-07,9158,シーユーシー,東Ｇ,stop_low,776.0,753.0,-23.0,-2.96,753.0,712.0,721.0,-55.0,-7.09,646700,False,営業利益が前期8.2％増だが今期34.3％減予想
2026-05-01,2026-05-07,9215,ＣａＳｙ,東Ｇ,stop_high,914.0,910.0,-4.0,-0.44,910.0,872.0,889.0,-25.0,-2.74,24000,False,値動きの軽さから買い集める
2026-04-30,2026-05-01,278A,テラドローン,東Ｇ,stop_high,9270.0,10000.0,730.0,7.87,10770.0,9960.0,10770.0,1500.0,16.18,1631300.0,False,ウクライナ企業と資本業務提携し新型迎撃ドローンを発売
2026-04-30,2026-05-01,323A,フライヤー,東Ｇ,stop_low,525.0,487.0,-38.0,-7.24,493.0,468.0,469.0,-56.0,-10.67,205400.0,False,28日ストップ高の反動安
2026-04-30,2026-05-01,3696,セレス,東Ｐ,stop_high,1795.0,2000.0,205.0,11.42,2117.0,1974.0,2062.0,267.0,14.87,2154100.0,False,
2026-04-30,2026-05-01,5903,ＳＨＩＮＰＯ,東Ｓ,stop_high,1514.0,1698.0,184.0,12.15,1698.0,1695.0,1696.0,182.0,12.02,281400.0,False,MBO実施でTOB価格1700円にサヤ寄せ
2026-04-30,2026-05-01,6740,Ｊディスプレ,東Ｐ,stop_high,100.0,100.0,0.0,0.0,102.0,87.0,89.0,-11.0,-11.0,120637600.0,False,
2026-04-30,2026-05-01,7236,ティラド,東Ｐ,stop_high,11110.0,15010.0,3900.0,35.1,15900.0,14360.0,14600.0,3490.0,31.41,626300.0,False,
2026-04-30,2026-05-01,9425,ＲｅＹｕｕ,東Ｓ,stop_high,327.0,359.0,32.0,9.79,359.0,270.0,273.0,-54.0,-16.51,2584100.0,False,データセンター合弁会社設立を期待の動きが再度優勢に
2026-04-28,2026-04-30,1944,きんでん,東Ｐ,stop_high,7932.0,7949.0,17.0,0.21,8382.0,7824.0,8382.0,450.0,5.67,3084200.0,False,想定以上の好決算や大幅増配計画を好感
2026-04-28,2026-04-30,323A,フライヤー,東Ｇ,stop_high,625.0,565.0,-60.0,-9.6,568.0,525.0,525.0,-100.0,-16.0,267500.0,False,
2026-04-28,2026-04-30,3260,エスポア,名Ｎ,stop_low,801.0,,,,,,,,,,True,
2026-04-28,2026-04-30,3634,ソケッツ,東Ｓ,stop_high,928.0,913.0,-15.0,-1.62,1018.0,795.0,801.0,-127.0,-13.69,833800.0,False,
2026-04-28,2026-04-30,3652,ＤＭＰ,東Ｇ,stop_high,3015.0,3000.0,-15.0,-0.5,3300.0,2869.0,2954.0,-61.0,-2.02,387800.0,False,
2026-04-28,2026-04-30,6085,アーキテクツ,東Ｇ,stop_high,640.0,680.0,40.0,6.25,720.0,554.0,615.0,-25.0,-3.91,15236600.0,False,
2026-04-28,2026-04-30,6327,北川精機,東Ｓ,stop_high,2685.0,2588.0,-97.0,-3.61,3090.0,2585.0,2867.0,182.0,6.78,1570100.0,False,
2026-04-28,2026-04-30,6617,東光高岳,東Ｐ,stop_high,7070.0,7140.0,70.0,0.99,7770.0,6950.0,7550.0,480.0,6.79,741300.0,False,
2026-04-28,2026-04-30,6656,インスペック,東Ｓ,stop_high,772.0,802.0,30.0,3.89,840.0,700.0,723.0,-49.0,-6.35,704100.0,False,
2026-04-28,2026-04-30,7031,インバウＴ,東Ｇ,stop_low,701.0,697.0,-4.0,-0.57,708.0,660.0,708.0,7.0,1.0,22000.0,False,
2026-04-28,2026-04-30,7236,ティラド,東Ｐ,stop_high,9610.0,11110.0,1500.0,15.61,11110.0,11110.0,11110.0,1500.0,15.61,6900.0,False,大幅増配発表で配当利回りが急上昇
2026-04-28,2026-04-30,7868,広済堂ＨＤ,東Ｐ,stop_high,583.0,580.0,-3.0,-0.51,637.0,554.0,606.0,23.0,3.95,8439200.0,False,27日から急動意だが新規の材料はなし
2026-04-28,2026-04-30,9147,ＮＸＨＤ,東Ｐ,stop_high,4202.0,4148.0,-54.0,-1.29,4247.0,4045.0,4101.0,-101.0,-2.4,2354100.0,False,
2026-04-27,2026-04-28,323A,フライヤー,東Ｇ,stop_high,525.0,625.0,100.0,19.05,625.0,581.0,625.0,100.0,19.05,661100.0,False,
2026-04-27,2026-04-28,3260,エスポア,名Ｎ,stop_low,775.0,,,,,,,,,,True,
2026-04-27,2026-04-28,3461,パルマ,東Ｓ,stop_high,615.0,567.0,-48.0,-7.8,577.0,556.0,558.0,-57.0,-9.27,83600.0,False,
2026-04-27,2026-04-28,3634,ソケッツ,東Ｓ,stop_high,778.0,928.0,150.0,19.28,928.0,901.0,928.0,150.0,19.28,301700.0,False,業績上方修正を引き続き買い材料視
2026-04-27,2026-04-28,3796,いい生活,東Ｓ,stop_high,386.0,402.0,16.0,4.15,406.0,332.0,335.0,-51.0,-13.21,1670900.0,False,
2026-04-27,2026-04-28,3891,高度紙,東Ｓ,stop_high,6150.0,6250.0,100.0,1.63,6570.0,6080.0,6420.0,270.0,4.39,605400.0,False,引き続き好決算や増配を評価へ
2026-04-27,2026-04-28,3930,はてな,東Ｇ,stop_low,881.0,851.0,-30.0,-3.41,987.0,850.0,923.0,42.0,4.77,1107100.0,False,
2026-04-27,2026-04-28,485A,ＰｏｗｅｒＸ,東Ｇ,stop_high,8970.0,9310.0,340.0,3.79,10030.0,8810.0,9850.0,880.0,9.81,2630500.0,False,1株を3株に分割すると発表し前週末に年初来高値更新
2026-04-27,2026-04-28,5343,ニッコー,名Ｍ,stop_high,279.0,,,,,,,,,,True,
2026-04-27,2026-04-28,556A,犬猫生活,東Ｇ,stop_low,4200.0,4135.0,-65.0,-1.55,4470.0,3715.0,3960.0,-240.0,-5.71,828500.0,False,
2026-04-27,2026-04-28,559A,梅乃宿酒造,東Ｓ,stop_high,1180.0,1210.0,30.0,2.54,1280.0,1066.0,1109.0,-71.0,-6.02,2861600.0,False,先週末にIPO、需給妙味で値幅取りの動き向かう
2026-04-27,2026-04-28,6324,ハーモニック,東Ｐ,stop_high,4885.0,4880.0,-5.0,-0.1,4930.0,4705.0,4745.0,-140.0,-2.87,1778700.0,False,
2026-04-27,2026-04-28,6516,山洋電,東Ｐ,stop_high,6640.0,7230.0,590.0,8.89,7300.0,6740.0,7020.0,380.0,5.72,801500.0,False,
2026-04-27,2026-04-28,6629,Ｔホライゾン,東Ｓ,stop_high,1311.0,1316.0,5.0,0.38,1391.0,1239.0,1255.0,-56.0,-4.27,4046300.0,False,営業益や配当予想を上方修正
2026-04-27,2026-04-28,6769,ザイン,東Ｓ,stop_high,1209.0,1208.0,-1.0,-0.08,1218.0,1136.0,1161.0,-48.0,-3.97,519300.0,False,
2026-04-27,2026-04-28,6861,キーエンス,東Ｐ,stop_high,73180.0,73180.0,0.0,0.0,76100.0,72930.0,73800.0,620.0,0.85,2805500.0,False,
2026-04-27,2026-04-28,6954,ファナック,東Ｐ,stop_high,7256.0,7256.0,0.0,0.0,7270.0,6937.0,6961.0,-295.0,-4.07,12809200.0,False,
2026-04-27,2026-04-28,7031,インバウＴ,東Ｇ,stop_high,851.0,766.0,-85.0,-9.99,786.0,701.0,701.0,-150.0,-17.63,60200.0,False,
2026-04-27,2026-04-28,7256,河西工,東Ｓ,stop_low,381.0,389.0,8.0,2.1,396.0,361.0,372.0,-9.0,-2.36,2859500.0,False,過熱警戒感で短期資金の利食い売り
2026-04-24,2026-04-27,157A,Ｇモンスター,東Ｇ,stop_high,1149.0,1160.0,11.0,0.96,1199.0,1068.0,1069.0,-80.0,-6.96,461500.0,False,
2026-04-24,2026-04-27,3634,ソケッツ,東Ｓ,stop_high,678.0,778.0,100.0,14.75,778.0,778.0,778.0,100.0,14.75,18900.0,False,
2026-04-24,2026-04-27,3891,高度紙,東Ｓ,stop_high,5150.0,6000.0,850.0,16.5,6150.0,5860.0,6150.0,1000.0,19.42,484000.0,False,
2026-04-24,2026-04-27,4288,アズジェント,東Ｓ,stop_high,937.0,894.0,-43.0,-4.59,979.0,830.0,883.0,-54.0,-5.76,2005700.0,False,
2026-04-24,2026-04-27,4490,ビザスク,東Ｇ,stop_high,755.0,747.0,-8.0,-1.06,753.0,679.0,693.0,-62.0,-8.21,279400.0,False,
2026-04-24,2026-04-27,554A,バトンズ,東Ｇ,stop_high,2602.0,2811.0,209.0,8.03,2818.0,2150.0,2391.0,-211.0,-8.11,3724400.0,False,
2026-04-24,2026-04-27,556A,犬猫生活,東Ｇ,stop_high,4900.0,5140.0,240.0,4.9,5400.0,4200.0,4200.0,-700.0,-14.29,1426500.0,False,
2026-04-24,2026-04-27,559A,梅乃宿酒造,東Ｓ,stop_high,1050.0,1222.0,172.0,16.38,1350.0,1108.0,1180.0,130.0,12.38,7534900.0,False,
2026-04-24,2026-04-27,6085,アーキテクツ,東Ｇ,stop_high,516.0,589.0,73.0,14.15,609.0,510.0,540.0,24.0,4.65,14044400.0,False,
2026-04-24,2026-04-27,6217,津田駒,東Ｓ,stop_low,1973.0,1905.0,-68.0,-3.45,2170.0,1715.0,1760.0,-213.0,-10.8,1226200.0,False,
2026-04-24,2026-04-27,7256,河西工,東Ｓ,stop_high,455.0,428.0,-27.0,-5.93,432.0,375.0,381.0,-74.0,-16.26,8126000.0,False,
2026-04-24,2026-04-27,7901,マツモト,東Ｓ,stop_high,1115.0,1110.0,-5.0,-0.45,1120.0,1010.0,1017.0,-98.0,-8.79,55700.0,False,
2026-04-24,2026-04-27,9941,太洋物産,東Ｓ,stop_high,1649.0,1677.0,28.0,1.7,2049.0,1300.0,1390.0,-259.0,-15.71,1110600.0,False,
2026-04-23,2026-04-24,2371,カカクコム,東Ｐ,stop_high,2621.0,2650.0,29.0,1.11,2865.5,2622.0,2750.0,129.0,4.92,12200100.0,False,EQTが同社の買収を検討と伝わる
2026-04-23,2026-04-24,298A,ＧＶＡテック,東Ｇ,stop_high,462.0,433.0,-29.0,-6.28,450.0,388.0,388.0,-74.0,-16.02,301500.0,False,
2026-04-23,2026-04-24,3103,ユニチカ,東Ｓ,stop_high,2851.0,2901.0,50.0,1.75,2959.0,2524.0,2565.0,-286.0,-10.03,15986000.0,False,
2026-04-23,2026-04-24,3444,菊池製作,東Ｓ,stop_high,1683.0,1745.0,62.0,3.68,1870.0,1434.0,1500.0,-183.0,-10.87,5598500.0,False,
2026-04-23,2026-04-24,4288,アズジェント,東Ｓ,stop_high,787.0,772.0,-15.0,-1.91,937.0,755.0,937.0,150.0,19.06,2370500.0,False,
2026-04-23,2026-04-24,4422,ＶＮＸ,東Ｇ,stop_high,1434.0,1512.0,78.0,5.44,1630.0,1248.0,1248.0,-186.0,-12.97,4025000.0,False,
2026-04-23,2026-04-24,4819,Ｄガレージ,東Ｐ,stop_high,2778.0,2728.0,-50.0,-1.8,2799.0,2582.0,2685.0,-93.0,-3.35,1567200.0,False,
2026-04-23,2026-04-24,5241,日本オーエー,名Ｍ,stop_high,950.0,,,,,,,,,,True,
2026-04-23,2026-04-24,554A,バトンズ,東Ｇ,stop_high,2102.0,2202.0,100.0,4.76,2602.0,2201.0,2602.0,500.0,23.79,2245400.0,False,
2026-04-23,2026-04-24,556A,犬猫生活,東Ｇ,stop_high,4200.0,4830.0,630.0,15.0,4900.0,4555.0,4900.0,700.0,16.67,1094400.0,False,
2026-04-23,2026-04-24,6217,津田駒,東Ｓ,stop_high,2333.0,2333.0,0.0,0.0,2710.0,1833.0,1973.0,-360.0,-15.43,2208700.0,False,
2026-04-23,2026-04-24,6276,シリウスＶ,東Ｓ,stop_high,355.0,339.0,-16.0,-4.51,341.0,300.0,312.0,-43.0,-12.11,1301800.0,False,
2026-04-23,2026-04-24,6356,日ギア,東Ｓ,stop_high,1526.0,1486.0,-40.0,-2.62,1768.0,1452.0,1666.0,140.0,9.17,6561000.0,False,
2026-04-23,2026-04-24,6466,ＴＶＥ,東Ｓ,stop_high,4915.0,4845.0,-70.0,-1.42,5150.0,4770.0,4955.0,40.0,0.81,83000.0,False,
2026-04-23,2026-04-24,6492,岡野バ,東Ｓ,stop_high,16000.0,17600.0,1600.0,10.0,19480.0,17500.0,18200.0,2200.0,13.75,219300.0,False,
2026-04-23,2026-04-24,7426,山大,東Ｓ,stop_low,554.0,470.0,-84.0,-15.16,532.0,470.0,492.0,-62.0,-11.19,182500.0,False,
2026-04-22,2026-04-23,2195,アミタＨＤ,東Ｇ,stop_high,557.0,540.0,-17.0,-3.05,623.0,535.0,570.0,13.0,2.33,2885000.0,False,
2026-04-22,2026-04-23,278A,テラドローン,東Ｇ,stop_high,7220.0,7820.0,600.0,8.31,8640.0,7170.0,8260.0,1040.0,14.4,2371600.0,False,防衛事業の進捗に関する説明会を4月28日に開催
2026-04-22,2026-04-23,4288,アズジェント,東Ｓ,stop_high,687.0,787.0,100.0,14.56,787.0,787.0,787.0,100.0,14.56,53300.0,False,
2026-04-22,2026-04-23,4657,環境管理,東Ｓ,stop_high,521.0,501.0,-20.0,-3.84,531.0,483.0,492.0,-29.0,-5.57,237700.0,False,プラスチック資源循環戦略に関する調査・検討に参画
2026-04-22,2026-04-23,5210,日山村硝,東Ｓ,stop_high,3230.0,3650.0,420.0,13.0,3710.0,3025.0,3220.0,-10.0,-0.31,1587800.0,False,半導体向けガラスセラミック基板の開発加速へ
2026-04-22,2026-04-23,5341,アサヒエイト,東Ｓ,stop_high,430.0,409.0,-21.0,-4.88,429.0,382.0,394.0,-36.0,-8.37,2207700.0,False,「希ガス」事業への期待感が続く
2026-04-22,2026-04-23,5343,ニッコー,名Ｍ,stop_high,235.0,,,,,,,,,,True,
2026-04-22,2026-04-23,5597,ブルーイノベ,東Ｇ,stop_high,2124.0,2224.0,100.0,4.71,2286.0,1895.0,1955.0,-169.0,-7.96,1134400.0,False,
2026-04-22,2026-04-23,5699,イボキン,東Ｓ,stop_high,2445.0,2366.0,-79.0,-3.23,2470.0,2201.0,2250.0,-195.0,-7.98,213500.0,False,
2026-04-22,2026-04-23,6085,アーキテクツ,東Ｇ,stop_high,430.0,451.0,21.0,4.88,480.0,415.0,441.0,11.0,2.56,6019600.0,False,
2026-04-22,2026-04-23,6232,ＡＣＳＬ,東Ｇ,stop_high,2122.0,2322.0,200.0,9.43,2397.0,2136.0,2261.0,139.0,6.55,11468100.0,False,
2026-04-22,2026-04-23,7031,インバウＴ,東Ｇ,stop_high,671.0,771.0,100.0,14.9,771.0,771.0,771.0,100.0,14.9,7400.0,False,
2026-04-22,2026-04-23,7220,武蔵精密,東Ｐ,stop_high,4445.0,4440.0,-5.0,-0.11,4790.0,4315.0,4555.0,110.0,2.47,4917500.0,False,
2026-04-22,2026-04-23,7256,河西工,東Ｓ,stop_high,345.0,365.0,20.0,5.8,384.0,324.0,375.0,30.0,8.7,10011200.0,False,
2026-04-21,2026-04-22,2195,アミタＨＤ,東Ｇ,stop_high,546.0,646.0,100.0,18.32,646.0,541.0,557.0,11.0,2.01,1730800.0,False,
2026-04-21,2026-04-22,2437,シンワワイズ,東Ｓ,stop_low,457.0,439.0,-18.0,-3.94,471.0,412.0,465.0,8.0,1.75,751300.0,False,
2026-04-21,2026-04-22,268A,リガクＨＤ,東Ｐ,stop_high,2766.0,2924.0,158.0,5.71,3100.0,2542.0,2621.0,-145.0,-5.24,12983600.0,False,米オント・イノベーションと資本業務提携を締結
2026-04-21,2026-04-22,2962,テクニスコ,東Ｓ,stop_high,1014.0,990.0,-24.0,-2.37,1086.0,942.0,959.0,-55.0,-5.42,402300.0,False,
2026-04-21,2026-04-22,3103,ユニチカ,東Ｓ,stop_low,3045.0,2725.0,-320.0,-10.51,3400.0,2662.0,2835.0,-210.0,-6.9,29411100.0,False,
2026-04-21,2026-04-22,3260,エスポア,名Ｎ,stop_low,892.0,,,,,,,,,,True,
2026-04-21,2026-04-22,3936,ＧＷ,東Ｇ,stop_high,198.0,192.0,-6.0,-3.03,237.0,176.0,235.0,37.0,18.69,20844800.0,False,
2026-04-21,2026-04-22,4651,サニックスＨ,東Ｓ,stop_high,280.0,288.0,8.0,2.86,294.0,253.0,253.0,-27.0,-9.64,7740900.0,False,
2026-04-21,2026-04-22,5341,アサヒエイト,東Ｓ,stop_high,378.0,375.0,-3.0,-0.79,458.0,357.0,430.0,52.0,13.76,6758200.0,False,
2026-04-21,2026-04-22,5575,グロービー,東Ｇ,stop_high,943.0,943.0,0.0,0.0,980.0,803.0,842.0,-101.0,-10.71,140400.0,False,
2026-04-21,2026-04-22,5698,エンビプロ,東Ｓ,stop_high,1056.0,1069.0,13.0,1.23,1083.0,1001.0,1004.0,-52.0,-4.92,829700.0,False,
2026-04-21,2026-04-22,5699,イボキン,東Ｓ,stop_high,2132.0,2632.0,500.0,23.45,2632.0,2034.0,2445.0,313.0,14.68,503300.0,False,
2026-04-21,2026-04-22,6217,津田駒,東Ｓ,stop_high,1375.0,1500.0,125.0,9.09,2563.0,1500.0,1933.0,558.0,40.58,6351300.0,False,
2026-04-21,2026-04-22,6276,シリウスＶ,東Ｓ,stop_high,310.0,279.0,-31.0,-10.0,317.0,267.0,287.0,-23.0,-7.42,1171600.0,False,
2026-04-21,2026-04-22,6347,プラコー,東Ｓ,stop_high,361.0,401.0,40.0,11.08,415.0,326.0,340.0,-21.0,-5.82,1701200.0,False,
2026-04-21,2026-04-22,6521,オキサイド,東Ｇ,stop_high,5090.0,5140.0,50.0,0.98,5220.0,4800.0,4905.0,-185.0,-3.63,969500.0,False,
2026-04-21,2026-04-22,6522,アスタリスク,東Ｇ,stop_high,1336.0,1516.0,180.0,13.47,1599.0,1320.0,1351.0,15.0,1.12,6125400.0,False,西鉄ストア全拠点に顔認証プラットフォームを導入
2026-04-21,2026-04-22,7065,ｕｐｒ,東Ｓ,stop_high,1045.0,1046.0,1.0,0.1,1119.0,1005.0,1080.0,35.0,3.35,276200.0,False,
2026-04-20,2026-04-21,2437,シンワワイズ,東Ｓ,stop_low,557.0,530.0,-27.0,-4.85,536.0,457.0,457.0,-100.0,-17.95,509900.0,False,株価下落で信用買い方の処分売り優勢
2026-04-20,2026-04-21,281A,インフォメテ,東Ｇ,stop_high,958.0,958.0,0.0,0.0,1060.0,870.0,895.0,-63.0,-6.58,2374900.0,False,
2026-04-20,2026-04-21,2962,テクニスコ,東Ｓ,stop_high,983.0,1125.0,142.0,14.45,1133.0,987.0,1014.0,31.0,3.15,882600.0,False,
2026-04-20,2026-04-21,3103,ユニチカ,東Ｓ,stop_high,3745.0,4025.0,280.0,7.48,4380.0,3045.0,3045.0,-700.0,-18.69,3514600.0,False,仕手化の様相
2026-04-20,2026-04-21,3444,菊池製作,東Ｓ,stop_high,1449.0,1720.0,271.0,18.7,1728.0,1340.0,1355.0,-94.0,-6.49,7563900.0,False,英Skyportsとの戦略的パートナーシップ締結を引き続き材料視も
2026-04-20,2026-04-21,3591,ワコールＨＤ,東Ｐ,stop_high,5042.0,5103.0,61.0,1.21,5537.0,5102.0,5300.0,258.0,5.12,1316600.0,False,
2026-04-20,2026-04-21,3856,Ａバランス,東Ｓ,stop_low,535.0,525.0,-10.0,-1.87,569.0,511.0,551.0,16.0,2.99,519000.0,False,一部貨物が米国輸入差し止めと発表
2026-04-20,2026-04-21,3936,ＧＷ,東Ｇ,stop_high,199.0,212.0,13.0,6.53,249.0,198.0,198.0,-1.0,-0.5,38993300.0,False,
2026-04-20,2026-04-21,523A,セイワＨＤ,東Ｇ,stop_high,2221.0,2123.0,-98.0,-4.41,2154.0,1910.0,2040.0,-181.0,-8.15,1545500.0,False,
2026-04-20,2026-04-21,6217,津田駒,東Ｓ,stop_high,1075.0,1375.0,300.0,27.91,1375.0,1375.0,1375.0,300.0,27.91,62200.0,False,フィジカルAI関連のスタンダード銘柄急騰で
2026-04-20,2026-04-21,6248,横田製,東Ｓ,stop_high,2057.0,1927.0,-130.0,-6.32,1958.0,1913.0,1930.0,-127.0,-6.17,42400.0,False,
2026-04-20,2026-04-21,6433,ヒーハイスト,東Ｓ,stop_high,2158.0,2177.0,19.0,0.88,2377.0,1800.0,1838.0,-320.0,-14.83,5097700.0,False,フィジカルAI関連として関心が続く
2026-04-20,2026-04-21,6613,ＱＤレーザ,東Ｇ,stop_high,1585.0,1675.0,90.0,5.68,1877.0,1538.0,1609.0,24.0,1.51,23584500.0,False,
2026-04-20,2026-04-21,6800,ヨコオ,東Ｐ,stop_high,4690.0,4690.0,0.0,0.0,4860.0,4495.0,4680.0,-10.0,-0.21,412800.0,False,
2026-04-20,2026-04-21,6838,多摩川ＨＤ,東Ｓ,stop_high,1750.0,1710.0,-40.0,-2.29,1899.0,1704.0,1808.0,58.0,3.31,1369200.0,False,人工ダイヤ関連などとはやされる
2026-04-20,2026-04-21,7794,ＥＤＰ,東Ｇ,stop_high,1584.0,1620.0,36.0,2.27,1621.0,1450.0,1536.0,-48.0,-3.03,3163100.0,False,
2026-04-17,2026-04-20,3103,ユニチカ,東Ｓ,stop_high,3085.0,3155.0,70.0,2.27,3785.0,3155.0,3745.0,660.0,21.39,14402100.0,False,ほぼ仕手化
2026-04-17,2026-04-20,3444,菊池製作,東Ｓ,stop_high,1149.0,1370.0,221.0,19.23,1449.0,1350.0,1449.0,300.0,26.11,1428400.0,False,イームズロボティクスが英社とパートナーシップ締結
2026-04-17,2026-04-20,3449,テクノフレ,東Ｓ,stop_high,3880.0,3810.0,-70.0,-1.8,4075.0,3810.0,3970.0,90.0,2.32,274500.0,False,上期上方修正を引き続き材料視
2026-04-17,2026-04-20,3987,エコモット,東Ｇ,stop_high,682.0,685.0,3.0,0.44,774.0,641.0,662.0,-20.0,-2.93,1049100.0,False,
2026-04-17,2026-04-20,4422,ＶＮＸ,東Ｇ,stop_high,1397.0,1517.0,120.0,8.59,1599.0,1325.0,1325.0,-72.0,-5.15,4029000.0,False,
2026-04-17,2026-04-20,549A,ヒトトヒトＨ,東Ｓ,stop_high,508.0,508.0,0.0,0.0,524.0,492.0,502.0,-6.0,-1.18,1046300.0,False,高値からの調整一巡感で押し目買い優勢に
2026-04-17,2026-04-20,6217,津田駒,東Ｓ,stop_high,925.0,1075.0,150.0,16.22,1075.0,1075.0,1075.0,150.0,16.22,15300.0,False,決算発表後は上値追いの勢い強まっており
2026-04-17,2026-04-20,6629,Ｔホライゾン,東Ｓ,stop_high,1070.0,1100.0,30.0,2.8,1359.0,1077.0,1207.0,137.0,12.8,11692800.0,False,フィジカルAI関連としての関心も
2026-04-16,2026-04-17,278A,テラドローン,東Ｇ,stop_high,6700.0,6500.0,-200.0,-2.99,6950.0,6320.0,6480.0,-220.0,-3.28,904700.0,False,
2026-04-16,2026-04-17,2884,ヨシムラＨＤ,東Ｐ,stop_low,750.0,750.0,0.0,0.0,772.0,730.0,747.0,-3.0,-0.4,851900.0,False,前期業績は大幅な下振れで着地
2026-04-16,2026-04-17,2901,Ｗディッシュ,東Ｓ,stop_low,213.0,231.0,18.0,8.45,234.0,214.0,217.0,4.0,1.88,943200.0,False,
2026-04-16,2026-04-17,298A,ＧＶＡテック,東Ｇ,stop_high,391.0,390.0,-1.0,-0.26,400.0,383.0,384.0,-7.0,-1.79,64000.0,False,
2026-04-16,2026-04-17,3103,ユニチカ,東Ｓ,stop_high,2581.0,2731.0,150.0,5.81,3085.0,2656.0,3085.0,504.0,19.53,38468100.0,False,
2026-04-16,2026-04-17,3444,菊池製作,東Ｓ,stop_high,999.0,1025.0,26.0,2.6,1149.0,1022.0,1149.0,150.0,15.02,3706300.0,False,
2026-04-16,2026-04-17,3449,テクノフレ,東Ｓ,stop_high,3430.0,3850.0,420.0,12.24,4130.0,3810.0,3880.0,450.0,13.12,1097000.0,False,
2026-04-16,2026-04-17,3557,Ｕ＆Ｃ,東Ｇ,stop_low,664.0,651.0,-13.0,-1.96,677.0,650.0,655.0,-9.0,-1.36,251400.0,False,
2026-04-16,2026-04-17,3987,エコモット,東Ｇ,stop_high,622.0,722.0,100.0,16.08,722.0,680.0,682.0,60.0,9.65,690100.0,False,防衛装備庁「海洋監視制御システムの研究」に参画
2026-04-16,2026-04-17,4422,ＶＮＸ,東Ｇ,stop_high,1097.0,1217.0,120.0,10.94,1397.0,1073.0,1397.0,300.0,27.35,3731800.0,False,
2026-04-16,2026-04-17,4888,ステラファ,東Ｇ,stop_high,750.0,740.0,-10.0,-1.33,793.0,709.0,713.0,-37.0,-4.93,2219600.0,False,
2026-04-16,2026-04-17,6085,アーキテクツ,東Ｇ,stop_high,3355.0,3495.0,140.0,4.17,372.0,340.0,3620.0,265.0,7.9,769500.0,False,
2026-04-16,2026-04-17,6217,津田駒,東Ｓ,stop_high,775.0,865.0,90.0,11.61,925.0,855.0,925.0,150.0,19.35,270500.0,False,
2026-04-16,2026-04-17,6522,アスタリスク,東Ｇ,stop_high,1086.0,1097.0,11.0,1.01,1116.0,1023.0,1068.0,-18.0,-1.66,1326200.0,False,
2026-04-16,2026-04-17,6866,ＨＩＯＫＩ,東Ｐ,stop_high,9730.0,10330.0,600.0,6.17,11090.0,10250.0,10700.0,970.0,9.97,746100.0,False,第1四半期大幅営業増益で好進捗
2026-04-16,2026-04-17,7719,東京衡機,東Ｓ,stop_high,720.0,699.0,-21.0,-2.92,767.0,666.0,676.0,-44.0,-6.11,3725800.0,False,
2026-04-16,2026-04-17,7946,光陽社,東Ｓ,stop_low,420.0,420.0,0.0,0.0,421.0,417.0,417.0,-3.0,-0.71,13600.0,False,
2026-04-16,2026-04-17,8105,ＢＴＣＪＰＮ,東Ｓ,stop_high,177.0,200.0,23.0,12.99,203.0,166.0,171.0,-6.0,-3.39,16295300.0,False,
2026-04-15,2026-04-16,135A,ヴレインＳ,東Ｇ,stop_high,3415.0,3495.0,80.0,2.34,3720.0,3450.0,3505.0,90.0,2.64,730300.0,False,営業利益が前期53.8％増・今期58.5％増予想
2026-04-15,2026-04-16,1418,インタライフ,東Ｓ,stop_high,566.0,568.0,2.0,0.35,580.0,561.0,561.0,-5.0,-0.88,567500.0,False,増配による利回り妙味の高まりで
2026-04-15,2026-04-16,2195,アミタＨＤ,東Ｇ,stop_high,536.0,530.0,-6.0,-1.12,545.0,505.0,515.0,-21.0,-3.92,1223700.0,False,
2026-04-15,2026-04-16,281A,インフォメテ,東Ｇ,stop_high,780.0,765.0,-15.0,-1.92,840.0,712.0,757.0,-23.0,-2.95,3726700.0,False,
2026-04-15,2026-04-16,2901,Ｗディッシュ,東Ｓ,stop_low,271.0,207.0,-64.0,-23.62,231.0,191.0,213.0,-58.0,-21.4,4328000.0,False,半期報告書提出遅延で監理銘柄（確認中）指定
2026-04-15,2026-04-16,304A,フォルシア,東Ｇ,stop_high,2082.0,2003.0,-79.0,-3.79,2047.0,1980.0,1980.0,-102.0,-4.9,10600.0,False,
2026-04-15,2026-04-16,325A,テンシャル,東Ｇ,stop_high,4210.0,4200.0,-10.0,-0.24,4300.0,4000.0,4160.0,-50.0,-1.19,320700.0,False,
2026-04-15,2026-04-16,338A,ゼンムテック,東Ｇ,stop_high,2962.0,2993.0,31.0,1.05,3070.0,2815.0,2841.0,-121.0,-4.09,545200.0,False,
2026-04-15,2026-04-16,3557,Ｕ＆Ｃ,東Ｇ,stop_low,814.0,664.0,-150.0,-18.43,664.0,664.0,664.0,-150.0,-18.43,34100.0,False,
2026-04-15,2026-04-16,3558,ジェイドＧ,東Ｇ,stop_high,2034.0,2035.0,1.0,0.05,2115.0,2001.0,2050.0,16.0,0.79,628000.0,False,
2026-04-15,2026-04-16,3803,イメージ情報,東Ｇ,stop_high,635.0,634.0,-1.0,-0.16,665.0,628.0,631.0,-4.0,-0.63,94300.0,False,
2026-04-15,2026-04-16,3994,マネフォ,東Ｐ,stop_high,4577.0,4717.0,140.0,3.06,5118.0,4667.0,5118.0,541.0,11.82,2105800.0,False,
2026-04-15,2026-04-16,4351,山田債権,東Ｓ,stop_high,1305.0,1230.0,-75.0,-5.75,1262.0,1172.0,1193.0,-112.0,-8.58,84700.0,False,一段と上昇ピッチ速まるが特に材料なし
2026-04-15,2026-04-16,4371,ＣＣＴ,東Ｇ,stop_high,1253.0,1239.0,-14.0,-1.12,1239.0,1134.0,1148.0,-105.0,-8.38,454400.0,False,
2026-04-15,2026-04-16,4490,ビザスク,東Ｇ,stop_high,688.0,753.0,65.0,9.45,770.0,645.0,652.0,-36.0,-5.23,539200.0,False,
2026-04-15,2026-04-16,469A,フィットクル,東Ｇ,stop_low,2030.0,1740.0,-290.0,-14.29,1749.0,1670.0,1691.0,-339.0,-16.7,152500.0,False,
2026-04-15,2026-04-16,4840,トライアイズ,東Ｓ,stop_high,1009.0,1039.0,30.0,2.97,1122.0,964.0,995.0,-14.0,-1.39,1369800.0,False,調整一巡感からのリバウンドが継続
2026-04-15,2026-04-16,550A,ソフトテック,東Ｓ,stop_high,4115.0,3905.0,-210.0,-5.1,4440.0,3800.0,3835.0,-280.0,-6.8,410500.0,False,
2026-04-14,2026-04-15,1434,ＪＥＳＣＯ,東Ｓ,stop_high,2275.0,2475.0,200.0,8.79,2495.0,2235.0,2289.0,14.0,0.62,418700.0,False,12-2月期も大幅増益基調が継続へ
2026-04-14,2026-04-15,281A,インフォメテ,東Ｇ,stop_high,680.0,675.0,-5.0,-0.74,780.0,661.0,780.0,100.0,14.71,6250000.0,False,
2026-04-14,2026-04-15,3103,ユニチカ,東Ｓ,stop_high,2163.0,2115.0,-48.0,-2.22,2535.0,1781.0,2081.0,-82.0,-3.79,56226400.0,False,ガラス繊維分野への期待はやして短期資金の物色続く
2026-04-14,2026-04-15,3181,買取王国,東Ｓ,stop_high,975.0,983.0,8.0,0.82,1019.0,970.0,1000.0,25.0,2.56,51200.0,False,
2026-04-14,2026-04-15,3803,イメージ情報,東Ｇ,stop_high,654.0,689.0,35.0,5.35,754.0,626.0,635.0,-19.0,-2.91,689200.0,False,
2026-04-14,2026-04-15,3930,はてな,東Ｇ,stop_high,1258.0,1259.0,1.0,0.08,1266.0,1230.0,1240.0,-18.0,-1.43,130800.0,False,
2026-04-14,2026-04-15,4092,日本化,東Ｐ,stop_high,3495.0,3810.0,315.0,9.01,4055.0,3510.0,3595.0,100.0,2.86,1152600.0,False,
2026-04-14,2026-04-15,4371,ＣＣＴ,東Ｇ,stop_high,1050.0,1208.0,158.0,15.05,1350.0,1201.0,1253.0,203.0,19.33,1265800.0,False,
2026-04-14,2026-04-15,5246,エレメンツ,東Ｇ,stop_high,732.0,747.0,15.0,2.05,752.0,684.0,711.0,-21.0,-2.87,3097500.0,False,
2026-04-14,2026-04-15,550A,ソフトテック,東Ｓ,stop_high,4515.0,4935.0,420.0,9.3,5220.0,3835.0,4115.0,-400.0,-8.86,823900.0,False,直近IPO銘柄として値幅取りの動き続く
2026-04-14,2026-04-15,5578,ＡＲアドバン,東Ｇ,stop_high,1013.0,1223.0,210.0,20.73,1272.0,1032.0,1086.0,73.0,7.21,1015500.0,False,26年8月期業績予想を上方修正
2026-04-14,2026-04-15,5817,ＪＭＡＣＳ,東Ｓ,stop_low,1385.0,1295.0,-90.0,-6.5,1553.0,1291.0,1366.0,-19.0,-1.37,1867500.0,False,
2026-04-14,2026-04-15,6217,津田駒,東Ｓ,stop_high,625.0,595.0,-30.0,-4.8,725.0,575.0,675.0,50.0,8.0,1673700.0,False,第1四半期の赤字縮小などポジティブ視
2026-04-14,2026-04-15,6227,ＡＩメカ,東Ｓ,stop_high,7700.0,8000.0,300.0,3.9,8800.0,7750.0,8420.0,720.0,9.35,4718900.0,False,半導体株高の地合いに乗る
2026-04-14,2026-04-15,9168,ライズＣＧ,東Ｇ,stop_low,405.0,412.0,7.0,1.73,417.0,401.0,404.0,-1.0,-0.25,1051200.0,False,営業利益が前期13.0％減・今期44.5％減予想
2026-04-13,2026-04-14,278A,テラドローン,東Ｇ,stop_high,5660.0,6000.0,340.0,6.01,6190.0,5460.0,5660.0,0.0,0.0,1877000.0,False,前週末大幅高の余勢を駆って年初来高値更新
2026-04-13,2026-04-14,2999,ホームポジ,東Ｓ,stop_high,595.0,594.0,-1.0,-0.17,594.0,576.0,577.0,-18.0,-3.03,103300.0,False,上半期大幅増益や株主優待実施の発表で
2026-04-13,2026-04-14,3046,ＪＩＮＳＨＤ,東Ｐ,stop_high,6370.0,6300.0,-70.0,-1.1,6320.0,5980.0,6100.0,-270.0,-4.24,653600.0,False,
2026-04-13,2026-04-14,3103,ユニチカ,東Ｓ,stop_high,1763.0,1963.0,200.0,11.34,2163.0,1900.0,2163.0,400.0,22.69,19606200.0,False,値幅取り妙味強く先週末の急伸に追随買い
2026-04-13,2026-04-14,3444,菊池製作,東Ｓ,stop_high,918.0,963.0,45.0,4.9,971.0,868.0,871.0,-47.0,-5.12,921800.0,False,フィジカルAI関連として資金が向かう
2026-04-13,2026-04-14,3560,ほぼ日,東Ｓ,stop_high,4270.0,4200.0,-70.0,-1.64,4200.0,3930.0,4050.0,-220.0,-5.15,21600.0,False,
2026-04-13,2026-04-14,4422,ＶＮＸ,東Ｇ,stop_high,1050.0,1170.0,120.0,11.43,1243.0,972.0,1000.0,-50.0,-4.76,3452900.0,False,
2026-04-13,2026-04-14,4440,ヴィッツ,東Ｓ,stop_low,1242.0,1272.0,30.0,2.42,1307.0,1250.0,1280.0,38.0,3.06,168800.0,False,
2026-04-13,2026-04-14,4892,サイフューズ,東Ｇ,stop_high,632.0,622.0,-10.0,-1.58,631.0,616.0,623.0,-9.0,-1.42,149000.0,False,広島大学との共同プロジェクトが日本医療研究開発機構（AMED）事業に採択
2026-04-13,2026-04-14,5304,ＳＥＣカーボ,東Ｓ,stop_low,2433.0,2437.0,4.0,0.16,2559.0,2437.0,2559.0,126.0,5.18,148200.0,False,中期経営計画の見直しを発表
2026-04-13,2026-04-14,550A,ソフトテック,東Ｓ,stop_high,3815.0,4515.0,700.0,18.35,4515.0,4515.0,4515.0,700.0,18.35,6700.0,False,上場来高値更新で値幅取り妙味が強まる
2026-04-13,2026-04-14,5532,リアルゲイト,東Ｇ,stop_high,3890.0,3900.0,10.0,0.26,3955.0,3710.0,3850.0,-40.0,-1.03,139800.0,False,
2026-04-13,2026-04-14,6217,津田駒,東Ｓ,stop_high,525.0,625.0,100.0,19.05,625.0,581.0,625.0,100.0,19.05,1089100.0,False,
2026-04-13,2026-04-14,6840,ＡＫＩＢＡ,東Ｓ,stop_high,522.0,537.0,15.0,2.87,545.0,525.0,532.0,10.0,1.92,469500.0,False,
2026-04-13,2026-04-14,7373,アイドマＨＤ,東Ｇ,stop_low,1324.0,1347.0,23.0,1.74,1347.0,1296.0,1307.0,-17.0,-1.28,558100.0,False,
2026-04-13,2026-04-14,7375,リファバスＧ,東Ｇ,stop_high,1644.0,1724.0,80.0,4.87,1890.0,1566.0,1727.0,83.0,5.05,3845000.0,False,
2026-04-13,2026-04-14,9270,バリュエンス,東Ｇ,stop_high,2591.0,2681.0,90.0,3.47,2780.0,2556.0,2658.0,67.0,2.59,964400.0,False,26年8月期業績と配当予想を上方修正
2026-04-10,2026-04-13,281A,インフォメテ,東Ｇ,stop_high,627.0,687.0,60.0,9.57,718.0,631.0,664.0,37.0,5.9,3634800.0,False,9日ストップ高の買い人気が継続
2026-04-10,2026-04-13,3103,ユニチカ,東Ｓ,stop_high,1463.0,1424.0,-39.0,-2.67,1763.0,1417.0,1763.0,300.0,20.51,39395300.0,False,AI関連としてガラス繊維事業への期待再燃も
2026-04-10,2026-04-13,402A,アクセルＨＤ,東Ｇ,stop_high,670.0,641.0,-29.0,-4.33,692.0,635.0,683.0,13.0,1.94,5996600.0,False,25日線を上抜け先高期待高まる
2026-04-10,2026-04-13,4735,京進,東Ｓ,stop_high,388.0,360.0,-28.0,-7.22,368.0,333.0,350.0,-38.0,-9.79,143000.0,False,
2026-04-10,2026-04-13,485A,ＰｏｗｅｒＸ,東Ｇ,stop_high,7600.0,7600.0,0.0,0.0,7820.0,7110.0,7120.0,-480.0,-6.32,2708400.0,False,9日逆行高の買い人気が継続
2026-04-10,2026-04-13,550A,ソフトテック,東Ｓ,stop_high,3115.0,3350.0,235.0,7.54,3815.0,3330.0,3815.0,700.0,22.47,257100.0,False,新規上場の9日は高寄り後に大きく伸び悩み
2026-04-10,2026-04-13,6323,ローツェ,東Ｐ,stop_high,3969.0,3976.0,7.0,0.18,4127.0,3841.0,4058.0,89.0,2.24,9459700.0,False,
2026-04-10,2026-04-13,6814,古野電,東Ｐ,stop_high,7720.0,7600.0,-120.0,-1.55,7620.0,7150.0,7300.0,-420.0,-5.44,864700.0,False,
2026-04-10,2026-04-13,7871,フクビ,東Ｓ,stop_high,920.0,950.0,30.0,3.26,966.0,897.0,900.0,-20.0,-2.17,179700.0,False,再生プラスチックの製造・建設資材への活用に成功と
2026-04-09,2026-04-10,1447,ＳＡＡＦＨＤ,東Ｇ,stop_low,346.0,344.0,-2.0,-0.58,345.0,320.0,326.0,-20.0,-5.78,805700.0,False,25日線を下回り手仕舞い売り誘う
2026-04-09,2026-04-10,281A,インフォメテ,東Ｇ,stop_high,643.0,681.0,38.0,5.91,743.0,620.0,627.0,-16.0,-2.49,8330400.0,False,
2026-04-09,2026-04-10,3192,白鳩,東Ｓ,stop_high,530.0,514.0,-16.0,-3.02,523.0,470.0,490.0,-40.0,-7.55,1299800.0,False,10日の決算発表控えて思惑買い続く
2026-04-09,2026-04-10,4265,ＩＧＳ,東Ｇ,stop_low,359.0,346.0,-13.0,-3.62,352.0,316.0,319.0,-40.0,-11.14,953700.0,False,8日大幅安の売り地合いが継続
2026-04-09,2026-04-10,4422,ＶＮＸ,東Ｇ,stop_high,886.0,826.0,-60.0,-6.77,999.0,812.0,900.0,14.0,1.58,2974500.0,False,8日まで4日連続ストップ高の買い人気が継続
2026-04-09,2026-04-10,5129,ＦＩＸＥＲ,東Ｇ,stop_high,520.0,490.0,-30.0,-5.77,506.0,451.0,451.0,-69.0,-13.27,1586600.0,False,
2026-04-09,2026-04-10,5337,ダントーＨＤ,東Ｓ,stop_high,675.0,635.0,-40.0,-5.93,645.0,617.0,625.0,-50.0,-7.41,43800.0,False,
2026-04-09,2026-04-10,549A,ヒトトヒトＨ,東Ｓ,stop_high,621.0,641.0,20.0,3.22,682.0,526.0,593.0,-28.0,-4.51,17995600.0,False,直近IPO銘柄として需給妙味からの値幅取りの動き続く
2026-04-09,2026-04-10,6552,ゲームウィズ,東Ｓ,stop_high,235.0,283.0,48.0,20.43,295.0,238.0,265.0,30.0,12.77,6063800.0,False,第3四半期の好決算を評価
2026-04-08,2026-04-09,2038,原油先Ｗブル,東EN,stop_low,2161.0,2425.0,264.0,12.22,2435.0,2375.0,2435.0,274.0,12.68,671045.0,False,
2026-04-08,2026-04-09,3047,トラックワン,福Ｑ,stop_high,896.0,,,,,,,,,,True,
2026-04-08,2026-04-09,4316,ビーマップ,東Ｇ,stop_high,291.0,315.0,24.0,8.25,350.0,240.0,251.0,-40.0,-13.75,3322800.0,False,
2026-04-08,2026-04-09,4422,ＶＮＸ,東Ｇ,stop_high,891.0,1041.0,150.0,16.84,1041.0,886.0,886.0,-5.0,-0.56,840000.0,False,
2026-04-08,2026-04-09,549A,ヒトトヒトＨ,東Ｓ,stop_high,521.0,601.0,80.0,15.36,621.0,600.0,621.0,100.0,19.19,889900.0,False,7日に新規上場、需給妙味からの値幅取りの動き
2026-04-08,2026-04-09,6366,千代建,東Ｓ,stop_high,1116.0,1146.0,30.0,2.69,1239.0,1117.0,1214.0,98.0,8.78,36283600.0,False,中東情勢落ち着き後のプラント需要顕在化も期待
2026-04-08,2026-04-09,7375,リファバスＧ,東Ｇ,stop_low,1533.0,1573.0,40.0,2.61,1750.0,1410.0,1415.0,-118.0,-7.7,5662100.0,False,
2026-04-07,2026-04-08,3047,トラックワン,福Ｑ,stop_high,748.0,,,,,,,,,,True,
2026-04-07,2026-04-08,3856,Ａバランス,東Ｓ,stop_low,573.0,500.0,-73.0,-12.74,568.0,492.0,555.0,-18.0,-3.14,1765300.0,False,
2026-04-07,2026-04-08,4316,ビーマップ,東Ｇ,stop_high,211.0,203.0,-8.0,-3.79,291.0,200.0,291.0,80.0,37.91,4930700.0,False,
2026-04-07,2026-04-08,4422,ＶＮＸ,東Ｇ,stop_high,741.0,891.0,150.0,20.24,891.0,811.0,891.0,150.0,20.24,1289700.0,False,
2026-04-07,2026-04-08,5129,ＦＩＸＥＲ,東Ｇ,stop_high,447.0,431.0,-16.0,-3.58,477.0,418.0,440.0,-7.0,-1.57,1764100.0,False,
2026-04-07,2026-04-08,539A,農中海外債Ｕ,東Ｅ,stop_low,5950.0,5938.0,-12.0,-0.2,5992.0,5066.0,5792.0,-158.0,-2.66,297.0,False,
2026-04-07,2026-04-08,548A,シスエグゼ,東Ｓ,stop_high,1040.0,1050.0,10.0,0.96,1195.0,1022.0,1060.0,20.0,1.92,4554600.0,False,
2026-04-07,2026-04-08,5721,Ｓクリプトエ,東Ｓ,stop_high,118.0,118.0,0.0,0.0,124.0,107.0,111.0,-7.0,-5.93,24687200.0,False,
2026-04-07,2026-04-08,7875,竹田ｉＰ,東Ｓ,stop_high,733.0,704.0,-29.0,-3.96,751.0,665.0,702.0,-31.0,-4.23,96800.0,False,
2026-04-07,2026-04-08,8289,オリンピック,東Ｓ,stop_high,869.0,1147.0,278.0,31.99,1151.0,1120.0,1128.0,259.0,29.8,2696600.0,False,
2026-04-06,2026-04-07,281A,インフォメテ,東Ｇ,stop_high,595.0,624.0,29.0,4.87,680.0,527.0,535.0,-60.0,-10.08,6037000.0,False,
2026-04-06,2026-04-07,3035,ＫＴＫ,東Ｓ,stop_high,739.0,754.0,15.0,2.03,766.0,720.0,728.0,-11.0,-1.49,61600.0,False,上期営業利益48.7％増
2026-04-06,2026-04-07,3778,さくらネット,東Ｐ,stop_high,3470.0,3750.0,280.0,8.07,3755.0,3320.0,3320.0,-150.0,-4.32,21051000.0,False,マイクロソフトとの協業を引き続き材料視
2026-04-06,2026-04-07,4265,ＩＧＳ,東Ｇ,stop_high,465.0,489.0,24.0,5.16,522.0,458.0,493.0,28.0,6.02,3691900.0,False,
2026-04-06,2026-04-07,4422,ＶＮＸ,東Ｇ,stop_high,641.0,741.0,100.0,15.6,741.0,741.0,741.0,100.0,15.6,22300.0,False,
2026-04-06,2026-04-07,5129,ＦＩＸＥＲ,東Ｇ,stop_high,430.0,480.0,50.0,11.63,510.0,447.0,447.0,17.0,3.95,3107800.0,False,
2026-04-06,2026-04-07,5341,アサヒエイト,東Ｓ,stop_high,272.0,256.0,-16.0,-5.88,285.0,223.0,285.0,13.0,4.78,5503900.0,False,
2026-04-06,2026-04-07,538A,農中米債７Ｕ,東Ｅ,stop_high,5800.0,5000.0,-800.0,-13.79,5248.0,4999.0,5105.0,-695.0,-11.98,270.0,False,
2026-04-06,2026-04-07,539A,農中海外債Ｕ,東Ｅ,stop_high,6101.0,5101.0,-1000.0,-16.39,5980.0,5101.0,5950.0,-151.0,-2.48,237.0,False,
2026-04-06,2026-04-07,7375,リファバスＧ,東Ｇ,stop_high,1829.0,1940.0,111.0,6.07,2199.0,1878.0,1933.0,104.0,5.69,7407200.0,False,
2026-04-06,2026-04-07,8289,オリンピック,東Ｓ,stop_high,719.0,869.0,150.0,20.86,869.0,869.0,869.0,150.0,20.86,51200.0,False,
2026-04-03,2026-04-06,281A,インフォメテ,東Ｇ,stop_high,517.0,577.0,60.0,11.61,617.0,517.0,595.0,78.0,15.09,5714300.0,False,25日線が下値支持線として機能
2026-04-03,2026-04-06,3294,イーグランド,東Ｓ,stop_high,4820.0,4845.0,25.0,0.52,4845.0,4840.0,4840.0,20.0,0.41,509300.0,False,西武不動産によるTOB価格4858円にサヤ寄せ続く
2026-04-03,2026-04-06,3778,さくらネット,東Ｐ,stop_high,2967.0,3440.0,473.0,15.94,3470.0,3315.0,3470.0,503.0,16.95,4653400.0,False,
2026-04-03,2026-04-06,4422,ＶＮＸ,東Ｇ,stop_high,541.0,641.0,100.0,18.48,641.0,630.0,641.0,100.0,18.48,270300.0,False,
2026-04-03,2026-04-06,4840,トライアイズ,東Ｓ,stop_high,970.0,1014.0,44.0,4.54,1100.0,922.0,1100.0,130.0,13.4,1536600.0,False,
2026-04-03,2026-04-06,5134,ＰＯＰＥＲ,東Ｇ,stop_high,652.0,642.0,-10.0,-1.53,647.0,605.0,627.0,-25.0,-3.83,184000.0,False,
2026-04-03,2026-04-06,5341,アサヒエイト,東Ｓ,stop_high,219.0,251.0,32.0,14.61,299.0,251.0,272.0,53.0,24.2,7383700.0,False,希ガス貿易事業に向けた協業の検討を開始
2026-04-03,2026-04-06,6597,ＨＰＣシス,東Ｇ,stop_high,2598.0,2734.0,136.0,5.23,3390.0,2473.0,3000.0,402.0,15.47,3602500.0,False,
2026-04-02,2026-04-03,186A,アストロＨＤ,東Ｇ,stop_high,1006.0,1071.0,65.0,6.46,1075.0,1007.0,1030.0,24.0,2.39,7989900.0,False,
2026-04-02,2026-04-03,2195,アミタＨＤ,東Ｇ,stop_high,604.0,604.0,0.0,0.0,675.0,545.0,560.0,-44.0,-7.28,4684000.0,False,
2026-04-02,2026-04-03,278A,テラドローン,東Ｇ,stop_high,4795.0,5000.0,205.0,4.28,5070.0,4430.0,4490.0,-305.0,-6.36,1072700.0,False,
2026-04-02,2026-04-03,3294,イーグランド,東Ｓ,stop_high,2816.0,4820.0,2004.0,71.16,4820.0,4820.0,4820.0,2004.0,71.16,53000.0,False,西武不動産によるTOB価格4858円にサヤ寄せ続く
2026-04-02,2026-04-03,4316,ビーマップ,東Ｇ,stop_low,387.0,171.0,-216.0,-55.81,212.0,169.0,192.0,-195.0,-50.39,4855700.0,False,1日まで7日続落の売り地合いが継続
2026-04-02,2026-04-03,4691,ワシントンＨ,東Ｓ,stop_high,1677.0,1797.0,120.0,7.16,1822.0,1555.0,1591.0,-86.0,-5.13,847000.0,False,アパホールディングスが大株主に浮上
2026-04-02,2026-04-03,4884,クリングル,東Ｇ,stop_high,514.0,532.0,18.0,3.5,601.0,495.0,511.0,-3.0,-0.58,9167400.0,False,慢性期脊髄損傷対象の新治療剤が特許登録されたと発表し1日ストップ高
2026-04-02,2026-04-03,6597,ＨＰＣシス,東Ｇ,stop_high,2098.0,2598.0,500.0,23.83,2598.0,2598.0,2598.0,500.0,23.83,47500.0,False,HPC用サーバー一式138億円の大口受注
2026-04-02,2026-04-03,7375,リファバスＧ,東Ｇ,stop_high,1618.0,1628.0,10.0,0.62,1881.0,1498.0,1530.0,-88.0,-5.44,8197000.0,False,
2026-04-02,2026-04-03,8289,オリンピック,東Ｓ,stop_high,637.0,622.0,-15.0,-2.35,634.0,606.0,619.0,-18.0,-2.83,534800.0,False,身売り準備に入ったとの月刊誌報道を引き続き材料視
2026-04-01,2026-04-02,2033,コスピブル,東EN,stop_high,50310.0,,,,,,,,,,True,
2026-04-01,2026-04-02,278A,テラドローン,東Ｇ,stop_high,4495.0,5030.0,535.0,11.9,5200.0,4630.0,4795.0,300.0,6.67,3536300.0,False,
2026-04-01,2026-04-02,3077,ホリイフード,東Ｓ,stop_high,760.0,753.0,-7.0,-0.92,861.0,730.0,861.0,101.0,13.29,340600.0,False,11月戻り高値更新で上値妙味
2026-04-01,2026-04-02,3294,イーグランド,東Ｓ,stop_high,2316.0,2816.0,500.0,21.59,2816.0,2816.0,2816.0,500.0,21.59,9300.0,False,西武不動産が4858円でTOB実施
2026-04-01,2026-04-02,3370,フジタコーポ,東Ｓ,stop_low,396.0,395.0,-1.0,-0.25,400.0,385.0,395.0,-1.0,-0.25,118100.0,False,東証が監理銘柄（確認中）に指定
2026-04-01,2026-04-02,3512,フエルト,東Ｓ,stop_high,1018.0,1000.0,-18.0,-1.77,1048.0,998.0,998.0,-20.0,-1.96,90800.0,False,DOE5パーセントが大量保有
2026-04-01,2026-04-02,3681,ブイキューブ,東Ｐ,stop_low,70.0,50.0,-20.0,-28.57,52.0,46.0,50.0,-20.0,-28.57,6126100.0,False,スクイーズアウトの想定対価40円にサヤ寄せ
2026-04-01,2026-04-02,4259,エクサＷｉｚ,東Ｇ,stop_high,661.0,731.0,70.0,10.59,732.0,648.0,655.0,-6.0,-0.91,5920300.0,False,
2026-04-01,2026-04-02,4316,ビーマップ,東Ｇ,stop_low,467.0,387.0,-80.0,-17.13,387.0,387.0,387.0,-80.0,-17.13,12500.0,False,
2026-04-01,2026-04-02,4565,ネクセラ,東Ｐ,stop_high,1015.0,1015.0,0.0,0.0,1043.0,985.0,1009.0,-6.0,-0.59,2458700.0,False,
2026-04-01,2026-04-02,4840,トライアイズ,東Ｓ,stop_high,788.0,803.0,15.0,1.9,835.0,741.0,820.0,32.0,4.06,818900.0,False,岩尾俊兵氏の大量保有が引き続き材料視される
2026-04-01,2026-04-02,485A,ＰｏｗｅｒＸ,東Ｇ,stop_high,5330.0,5320.0,-10.0,-0.19,5390.0,4995.0,5030.0,-300.0,-5.63,1907800.0,False,大型定置用蓄電システムで約53億円の大型受注
2026-04-01,2026-04-02,4884,クリングル,東Ｇ,stop_high,487.0,488.0,1.0,0.21,567.0,481.0,514.0,27.0,5.54,10119100.0,False,慢性期脊髄損傷対象の新治療剤が特許登録
2026-04-01,2026-04-02,6580,ライトアップ,東Ｇ,stop_high,1132.0,1132.0,0.0,0.0,1380.0,1111.0,1256.0,124.0,10.95,1254800.0,False,
2026-04-01,2026-04-02,7066,ピアズ,東Ｇ,stop_high,564.0,581.0,17.0,3.01,634.0,572.0,600.0,36.0,6.38,807200.0,False,
2026-04-01,2026-04-02,8289,オリンピック,東Ｓ,stop_high,537.0,587.0,50.0,9.31,637.0,570.0,637.0,100.0,18.62,3434100.0,False,身売り準備に入ったなどと一部月刊誌で伝わる
